date,cms,ndl,pmi_ivme,real_rate,spread,g3_liq,copper_gold,pc_ratio,weights,vix,pmi_z,w_str,pmi_growth,weights_json,yield_curve,vix_term,eq_weight,bond_weight,cash_weight,ml_confidence,active_growth_name,oil_trend,api_status,emergency,regime_id,regime_name,regime_type,regime_subtype,regime_status,hysteresis_days_left,conflict_note,oil_ret_20d_z,freight_lvl_z,hy_oas_z,spx_bond_corr,broad_dollar_5d_z,broad_dollar_z,usdjpy_1d_z,vix_z,vix_percentile_252,tips_1d_z,t10yie_z,ndl_z,gold_weight,commodity_weight,crypto_weight,oil_ret_5d_z,oil_event_score,commodity_event_active,commodity_event_reason,allocation_total,decision_status,allocation_source,previous_valid_date,oil_abs_5d_percentile,unknown_event_score,unknown_event_active,oil_event_quality_60d,commodity_breadth_20d,data_health_status,data_health_issues,data_health_warnings,oil_event_active,oil_level_percentile_252,oil_level_percentile_756,oil_level_z_252,oil_level_z_756,oil_high_level_persistence_60d,brent_level_percentile_252,brent_wti_spread,brent_wti_spread_percentile_252,energy_breadth_20d,crude_inventory_draw_z,oil_momentum_score,oil_structural_score,oil_event_type,data_source_notes,oil_price_source,brent_price_source,vix3m_source,eia_inventory_source,oil_price,brent_price,spx_price,unknown_guard_active,regime_severity_source,tips_level_z,tips_level_percentile_252,daily_audit_status,audit_completed_oil_events_5d,audit_oil_positive_rate_5d,audit_completed_structural_events_5d,audit_structural_positive_rate_5d,audit_completed_momentum_events_5d,audit_momentum_positive_rate_5d,oil_pressure_score,oil_structural_qualified,oil_momentum_confirmed,oil_qualification_reason,strategy_mode,pending_regime_id,pending_regime_count,event_coverage_status,oil_structural_high_level,oil_structural_persistent,oil_structural_inventory_stress,oil_structural_spread_stress,oil_structural_breadth_confirmed,strategy_risk_budget_base,strategy_risk_budget_final,strategy_deploy_risk,strategy_vol_scale,strategy_opportunity_score,strategy_stress_score,strategy_stress_broad,strategy_stress_hard,strategy_stress_negative_breadth,strategy_stress_median_return_20d,strategy_stress_avg_corr_40d,strategy_stress_vix_percentile,strategy_stress_ndl_z,strategy_recovery_ready,strategy_cash_floor,strategy_unknown_guard,strategy_stress_reason,strategy_oil_allocation_overlay,strategy_oil_allocation_reason,strategy_asset_score_equity,strategy_asset_score_gold,strategy_asset_score_bond,strategy_asset_score_commodity,strategy_asset_score_crypto,strategy_available_asset_count,strategy_decision_reason,gold_price,copper_price,silver_price,btc_price,ust10y_yield,predictive_status,predictive_confidence,predictive_matured_observations,predictive_risk_bin_observations,predictive_opportunity_bin_observations,predictive_risk_probability_5d,predictive_expected_median_return_5d,predictive_expected_loss_5d,predictive_opportunity_probability_20d,predictive_expected_opportunity_return_20d,predictive_deterioration_score,predictive_adjustment_reason,predictive_reason,predictive_audit_reason,decision_note,risk_appetite_score,risk_appetite_state,risk_appetite_confidence,risk_appetite_persistence_20d,risk_appetite_major_event_score,risk_appetite_major_event_active,risk_appetite_major_event_type,risk_appetite_tightening_score,risk_appetite_synchronized_stress,risk_appetite_risk_budget_multiplier,risk_appetite_cash_floor_add,risk_appetite_allocation_reason,risk_appetite_on_persistence_20d,risk_appetite_off_persistence_20d,risk_appetite_on_persistence_60d,risk_appetite_off_persistence_60d,risk_appetite_multi_horizon_score,risk_appetite_shift_20d_z,risk_appetite_shift_60d_z,risk_appetite_available_factor_count,risk_appetite_factor_count,risk_appetite_source,sensor_fresh_ok,sensor_fresh_total,sensor_freshness_summary,risk_appetite_risk_on_evidence,risk_appetite_risk_off_evidence,risk_appetite_liquidity_score,risk_appetite_credit_score,risk_appetite_volatility_score,risk_appetite_growth_risk_score
2026-08-21,-0.7859,5791887.0,,2.35,,17723584.0,0.0014,,,16.01,0.0,"0.24,0.24,0.29,0.23",,,,,,,,,,,,,,,,,,,,,,,,,,,,,,,,,,,,,,,,,,,,,,,,,,,,,,,,,,,,,,,,,,,,,,,,,,,,,,,,,,,,,,,,,,,,,,,,,,,,,,,,,,,,,,,,,,,,,,,,,,,,,,,,,,,,,,,,,,,,,,,,,,,,,,,,,,,,,,,,,,,,,,,,,,,,,
2026-08-22,-0.7734,5791887.0,,2.35,,17721401.0,0.0014,,,16.01,0.0,"0.24,0.24,0.29,0.23",,,,,,,,,,,,,,,,,,,,,,,,,,,,,,,,,,,,,,,,,,,,,,,,,,,,,,,,,,,,,,,,,,,,,,,,,,,,,,,,,,,,,,,,,,,,,,,,,,,,,,,,,,,,,,,,,,,,,,,,,,,,,,,,,,,,,,,,,,,,,,,,,,,,,,,,,,,,,,,,,,,,,,,,,,,,,
2026-08-23,-0.7567,5791887.0,,2.35,,17721401.0,0.0014,,,16.01,0.0,"0.24,0.24,0.29,0.23",,,,,,,,,,,,,,,,,,,,,,,,,,,,,,,,,,,,,,,,,,,,,,,,,,,,,,,,,,,,,,,,,,,,,,,,,,,,,,,,,,,,,,,,,,,,,,,,,,,,,,,,,,,,,,,,,,,,,,,,,,,,,,,,,,,,,,,,,,,,,,,,,,,,,,,,,,,,,,,,,,,,,,,,,,,,,
2026-08-24,-0.7384,5791707.0,,2.4,,17709871.0,0.0014,,,15.13,0.0,"0.24,0.24,0.29,0.23",,,,,,,,,,,,,,,,,,,,,,,,,,,,,,,,,,,,,,,,,,,,,,,,,,,,,,,,,,,,,,,,,,,,,,,,,,,,,,,,,,,,,,,,,,,,,,,,,,,,,,,,,,,,,,,,,,,,,,,,,,,,,,,,,,,,,,,,,,,,,,,,,,,,,,,,,,,,,,,,,,,,,,,,,,,,,
2026-08-25,-0.7499,5791707.0,,2.4,,17712439.0,0.0014,,,15.13,0.0,"0.24,0.23,0.29,0.23",,,,,,,,,,,,,,,,,,,,,,,,,,,,,,,,,,,,,,,,,,,,,,,,,,,,,,,,,,,,,,,,,,,,,,,,,,,,,,,,,,,,,,,,,,,,,,,,,,,,,,,,,,,,,,,,,,,,,,,,,,,,,,,,,,,,,,,,,,,,,,,,,,,,,,,,,,,,,,,,,,,,,,,,,,,,,
2026-08-26,-0.6605,5791682.0,,2.38,,17700180.0,0.0014,,,15.85,0.0,"0.24,0.23,0.29,0.23",,,,,,,,,,,,,,,,,,,,,,,,,,,,,,,,,,,,,,,,,,,,,,,,,,,,,,,,,,,,,,,,,,,,,,,,,,,,,,,,,,,,,,,,,,,,,,,,,,,,,,,,,,,,,,,,,,,,,,,,,,,,,,,,,,,,,,,,,,,,,,,,,,,,,,,,,,,,,,,,,,,,,,,,,,,,,
2026-08-27,-0.1213,5791385.0,,2.32,,17672983.0,0.0014,,,15.45,0.0,"0.17,0.16,0.16,0.16,0.19,0.16",,,0.47,0.833,46.0,42.0,12.0,,,,,,,,,,,,,,,,,,,,,,,,,,,,,,,,,,,,,,,,,,,,,,,,,,,,,,,,,,,,,,,,,,,,,,,,,,,,,,,,,,,,,,,,,,,,,,,,,,,,,,,,,,,,,,,,,,,,,,,,,,,,,,,,,,,,,,,,,,,,,,,,,,,,,,,,,,,,,,,,,,,,,,
2026-08-28,-0.116,5779720.0,,2.34,,17657867.0,0.0014,,,15.21,0.0,"0.17,0.16,0.16,0.16,0.19,0.15",,,0.47,0.71,46.0,42.0,12.0,,,,,,,,,,,,,,,,,,,,,,,,,,,,,,,,,,,,,,,,,,,,,,,,,,,,,,,,,,,,,,,,,,,,,,,,,,,,,,,,,,,,,,,,,,,,,,,,,,,,,,,,,,,,,,,,,,,,,,,,,,,,,,,,,,,,,,,,,,,,,,,,,,,,,,,,,,,,,,,,,,,,,,
2026-08-29,-0.219,5780001.0,,2.34,,17608532.0,0.0014,,,14.51,0.0,"0.17,0.16,0.16,0.16,0.19,0.15",,,0.39,0.83,45.0,43.0,12.0,,,,,,,,,,,,,,,,,,,,,,,,,,,,,,,,,,,,,,,,,,,,,,,,,,,,,,,,,,,,,,,,,,,,,,,,,,,,,,,,,,,,,,,,,,,,,,,,,,,,,,,,,,,,,,,,,,,,,,,,,,,,,,,,,,,,,,,,,,,,,,,,,,,,,,,,,,,,,,,,,,,,,,
2026-08-30,-0.1809,5780001.0,,2.34,,17608532.0,0.0015,,,14.51,0.0,"0.17,0.16,0.16,0.16,0.20,0.16",,,0.39,0.826,46.0,43.0,11.0,,,,,,,,,,,,,,,,,,,,,,,,,,,,,,,,,,,,,,,,,,,,,,,,,,,,,,,,,,,,,,,,,,,,,,,,,,,,,,,,,,,,,,,,,,,,,,,,,,,,,,,,,,,,,,,,,,,,,,,,,,,,,,,,,,,,,,,,,,,,,,,,,,,,,,,,,,,,,,,,,,,,,,
2026-08-31,-0.0884,5780001.0,,2.34,,17637489.0,0.0015,,,14.43,0.0,"0.17,0.15,0.16,0.16,0.20,0.16",,,0.39,0.857,4.0,42.0,54.0,10.0,,,,,,,,,,,,,,,,,,,,,,,,,,,,,,,,,,,,,,,,,,,,,,,,,,,,,,,,,,,,,,,,,,,,,,,,,,,,,,,,,,,,,,,,,,,,,,,,,,,,,,,,,,,,,,,,,,,,,,,,,,,,,,,,,,,,,,,,,,,,,,,,,,,,,,,,,,,,,,,,,,,,,
2026-09-01,-0.0364,5773450.0,,2.42,,17613414.0,0.0015,,,14.92,0.0,"0.17,0.15,0.15,0.16,0.21,0.16",,,0.41,0.868,4.0,42.0,54.0,10.0,Gumus/Altin,,,,,,,,,,,,,,,,,,,,,,,,,,,,,,,,,,,,,,,,,,,,,,,,,,,,,,,,,,,,,,,,,,,,,,,,,,,,,,,,,,,,,,,,,,,,,,,,,,,,,,,,,,,,,,,,,,,,,,,,,,,,,,,,,,,,,,,,,,,,,,,,,,,,,,,,,,,,,,,,,,,,
2026-09-02,0.0026,5779451.0,,2.44,,17616181.0,0.0015,,,14.92,0.0,"0.16,0.16,0.16,0.16,0.21,0.16",,,0.4,0.798,5.0,42.0,53.0,10.0,Gumus/Altin,1.609,,,,,,,,,,,,,,,,,,,,,,,,,,,,,,,,,,,,,,,,,,,,,,,,,,,,,,,,,,,,,,,,,,,,,,,,,,,,,,,,,,,,,,,,,,,,,,,,,,,,,,,,,,,,,,,,,,,,,,,,,,,,,,,,,,,,,,,,,,,,,,,,,,,,,,,,,,,,,,,,,,,
2026-09-03,-0.0453,5779651.0,,2.44,,17644889.0,0.0015,,,16.34,0.0,"0.16,0.16,0.16,0.16,0.20,0.16",,,0.4,0.857,4.0,42.0,54.0,10.0,Gumus/Altin,1.733,,,,,,,,,,,,,,,,,,,,,,,,,,,,,,,,,,,,,,,,,,,,,,,,,,,,,,,,,,,,,,,,,,,,,,,,,,,,,,,,,,,,,,,,,,,,,,,,,,,,,,,,,,,,,,,,,,,,,,,,,,,,,,,,,,,,,,,,,,,,,,,,,,,,,,,,,,,,,,,,,,,
2026-09-04,-0.1296,5768567.0,,2.45,,17745390.0,0.0015,,,15.2,0.0,"0.17,0.16,0.16,0.16,0.20,0.16",,,0.43,0.822,4.0,43.0,53.0,10.0,Gumus/Altin,,,,,,,,,,,,,,,,,,,,,,,,,,,,,,,,,,,,,,,,,,,,,,,,,,,,,,,,,,,,,,,,,,,,,,,,,,,,,,,,,,,,,,,,,,,,,,,,,,,,,,,,,,,,,,,,,,,,,,,,,,,,,,,,,,,,,,,,,,,,,,,,,,,,,,,,,,,,,,,,,,,,
2026-09-05,-0.1084,5768594.0,,2.42,,17738116.0,0.0015,,,14.32,0.0,"0.17,0.16,0.16,0.16,0.20,0.16",,,0.41,0.825,4.0,43.0,53.0,10.0,Gumus/Altin,1.81,,,,,,,,,,,,,,,,,,,,,,,,,,,,,,,,,,,,,,,,,,,,,,,,,,,,,,,,,,,,,,,,,,,,,,,,,,,,,,,,,,,,,,,,,,,,,,,,,,,,,,,,,,,,,,,,,,,,,,,,,,,,,,,,,,,,,,,,,,,,,,,,,,,,,,,,,,,,,,,,,,,
2026-09-08,-0.137,5768594.0,,2.42,,17800661.0,0.0015,,,14.32,0.0,"0.16,0.16,0.16,0.16,0.20,0.17",,,0.41,0.745,4.0,43.0,53.0,10.0,Gumus/Altin,1.75,,,,,,,,,,,,,,,,,,,,,,,,,,,,,,,,,,,,,,,,,,,,,,,,,,,,,,,,,,,,,,,,,,,,,,,,,,,,,,,,,,,,,,,,,,,,,,,,,,,,,,,,,,,,,,,,,,,,,,,,,,,,,,,,,,,,,,,,,,,,,,,,,,,,,,,,,,,,,,,,,,,
2026-09-08 23:27,-0.1699,5768643.0,,2.43,,17797148.0,0.0015,,,15.3,0.0,"0.16,0.16,0.16,0.16,0.20,0.17",,,0.41,0.855,4.0,43.0,53.0,10.0,Gumus/Altin,2.051,Online,False,,,,,,,,,,,,,,,,,,,,,,,,,,,,,,,,,,,,,,,,,,,,,,,,,,,,,,,,,,,,,,,,,,,,,,,,,,,,,,,,,,,,,,,,,,,,,,,,,,,,,,,,,,,,,,,,,,,,,,,,,,,,,,,,,,,,,,,,,,,,,,,,,,,,,,,,,,,,,,,,,
2026-09-09 02:05,-0.2027,5768643.0,,2.43,,17806971.0,0.0015,,,15.3,0.0,"0.16,0.16,0.16,0.16,0.20,0.17",,,0.41,0.855,7.0,44.0,49.0,17.0,Gumus/Altin,1.876,Online,False,,,,,,,,,,,,,,,,,,,,,,,,,,,,,,,,,,,,,,,,,,,,,,,,,,,,,,,,,,,,,,,,,,,,,,,,,,,,,,,,,,,,,,,,,,,,,,,,,,,,,,,,,,,,,,,,,,,,,,,,,,,,,,,,,,,,,,,,,,,,,,,,,,,,,,,,,,,,,,,,,
2026-09-10 01:51,-0.2548,5768837.0,,2.43,,17823057.0,0.0015,,,15.72,0.0,"0.16,0.16,0.16,0.16,0.20,0.17",,,0.4,0.872,9.0,44.0,47.0,23.0,Gumus/Altin,2.357,Online,False,,,,,,,,,,,,,,,,,,,,,,,,,,,,,,,,,,,,,,,,,,,,,,,,,,,,,,,,,,,,,,,,,,,,,,,,,,,,,,,,,,,,,,,,,,,,,,,,,,,,,,,,,,,,,,,,,,,,,,,,,,,,,,,,,,,,,,,,,,,,,,,,,,,,,,,,,,,,,,,,,
2026-09-10 17:17,0.0,6150000.0,,2.0,,19457414.0,0.0017,,,15.5,0.0,"0.16,0.16,0.16,0.16,0.16,0.16",,,0.2,0.861,45.0,35.0,20.0,75.0,Bakir/Altin,-0.0,Offline,False,0.0,REJIMSIZ_GECIS,TRANSITION,Dengeli / Nötr Piyasa,REJİMSİZ GEÇİŞ (Nötr / Dengeli Portföy),0.0,No threshold met -> Fallback rule applied,0.0,0.0,0.0,,0.0,0.0,0.0,0.0,100.0,0.0,0.0,0.0,,,,,,,,,,,,,,,,,,,,,,,,,,,,,,,,,,,,,,,,,,,,,,,,,,,,,,,,,,,,,,,,,,,,,,,,,,,,,,,,,,,,,,,,,,,,,,,,,,,,,,,,,,,,,,,,,,,,,,,,,,,,,,,,,,,,,,,,,,,,,,
2026-09-10 17:20,0.0,6150000.0,,2.0,,19457414.0,0.0017,,,15.5,0.0,"0.16,0.16,0.16,0.16,0.16,0.16",,,0.2,0.861,45.0,35.0,20.0,75.0,Bakir/Altin,-0.0,Offline,False,0.0,REJIMSIZ_GECIS,TRANSITION,Dengeli / Nötr Piyasa,REJİMSİZ GEÇİŞ (Nötr / Dengeli Portföy),0.0,No threshold met -> Fallback rule applied,0.0,0.0,0.0,,0.0,0.0,0.0,0.0,100.0,0.0,0.0,0.0,,,,,,,,,,,,,,,,,,,,,,,,,,,,,,,,,,,,,,,,,,,,,,,,,,,,,,,,,,,,,,,,,,,,,,,,,,,,,,,,,,,,,,,,,,,,,,,,,,,,,,,,,,,,,,,,,,,,,,,,,,,,,,,,,,,,,,,,,,,,,,
2026-09-10 17:23,-0.0071,5768837.0,,2.43,,17795294.0,0.0015,,,15.72,0.0,"0.15,0.16,0.15,0.15,0.21,0.18",,,0.4,0.91,20.0,35.0,45.0,74.0,YariIletken/Altin,2.661,Online,False,0.0,REJIMSIZ_GECIS,TRANSITION,Savunma & Sermaye Koruma (Nakit ve Faiz Ağırlıklı),REJİMSİZ GEÇİŞ (Makro Sıkılaşma & Piyasa İkilemi),0.0,Yüksek Reel Faiz (%2.43) ve Petrol (2.66σ) Baskısında Belirsizlik -> Nakit (%45) ve Tahvil (%35) Öncelikli,0.61,2.36,-0.93,-0.44,0.05,-1.19,0.77,-0.74,21.0,-0.07,0.65,-0.54,,,,,,,,,,,,,,,,,,,,,,,,,,,,,,,,,,,,,,,,,,,,,,,,,,,,,,,,,,,,,,,,,,,,,,,,,,,,,,,,,,,,,,,,,,,,,,,,,,,,,,,,,,,,,,,,,,,,,,,,,,,,,,,,,,,,,,,,,,,,,,
2026-09-10 18:04,0.0,6150000.0,,2.0,,19457414.0,0.0017,,,15.5,0.0,"0.16,0.16,0.16,0.16,0.16,0.16",,,0.2,0.861,10.0,5.0,85.0,75.0,Bakir/Altin,-0.0,Offline,False,3.0,Reel Faiz Şoku,SHOCK,Kısıtlayıcı Reel Faiz Baskısı (%2.0+ TIPS),Teyit Edildi (Histerezis Koruması: 10 gün),10.0,"10Y TIPS %2.43 Zirvesinde -> Nakit/Repo %85, Tahvil %5 (Sıfır Süre), Hisse %10",0.0,0.0,0.0,,0.0,0.0,0.0,0.0,100.0,0.0,0.0,0.0,,,,,,,,,,,,,,,,,,,,,,,,,,,,,,,,,,,,,,,,,,,,,,,,,,,,,,,,,,,,,,,,,,,,,,,,,,,,,,,,,,,,,,,,,,,,,,,,,,,,,,,,,,,,,,,,,,,,,,,,,,,,,,,,,,,,,,,,,,,,,,
2026-09-10 19:08,-0.0118,5768837.0,,2.43,,17792978.0,0.0015,,,16.46,0.0,"0.15,0.16,0.15,0.15,0.21,0.18",,,0.4,0.898,10.0,5.0,85.0,74.0,YariIletken/Altin,2.984,Online,False,3.0,Reel Faiz Şoku,SHOCK,Kısıtlayıcı Reel Faiz Baskısı (%2.0+ TIPS),Teyit Edildi (Histerezis Koruması Aktif: 5 gün),5.0,"Makro baskı (Faiz %2.43, Petrol 2.66σ, NDL Z=-0.54) ile sakin piyasa (HY OAS -0.93σ, VIX 15.7) çatışması -> Dengeli Koruma Modu",0.77,2.29,-0.7,0.44,0.05,-1.19,1.08,-0.54,35.3,-0.07,0.65,-0.54,,,,,,,,,,,,,,,,,,,,,,,,,,,,,,,,,,,,,,,,,,,,,,,,,,,,,,,,,,,,,,,,,,,,,,,,,,,,,,,,,,,,,,,,,,,,,,,,,,,,,,,,,,,,,,,,,,,,,,,,,,,,,,,,,,,,,,,,,,,,,,
2026-09-10 20:04,-0.0108,5768837.0,,2.43,,17786449.0,0.0015,,,16.46,0.0,"0.15,0.16,0.15,0.15,0.21,0.18",,,0.4,0.894,10.0,5.0,85.0,74.0,YariIletken/Altin,2.976,Online,False,3.0,Reel Faiz Şoku,SHOCK,Kısıtlayıcı Reel Faiz Baskısı (%2.0+ TIPS),Teyit Edildi (Histerezis Koruması Aktif: 5 gün),5.0,"Makro baskı (Faiz %2.43, Petrol 2.66σ, NDL Z=-0.54) ile sakin piyasa (HY OAS -0.93σ, VIX 15.7) çatışması -> Dengeli Koruma Modu",0.77,2.34,-0.7,0.44,0.05,-1.19,1.26,-0.54,35.3,-0.07,0.65,-0.54,,,,,,,,,,,,,,,,,,,,,,,,,,,,,,,,,,,,,,,,,,,,,,,,,,,,,,,,,,,,,,,,,,,,,,,,,,,,,,,,,,,,,,,,,,,,,,,,,,,,,,,,,,,,,,,,,,,,,,,,,,,,,,,,,,,,,,,,,,,,,,
2026-09-10 20:07,-0.0107,5768837.0,,2.43,,17786069.0,0.0015,,,16.46,0.0,"0.15,0.16,0.15,0.15,0.21,0.18",,,0.4,0.894,10.0,5.0,85.0,74.0,YariIletken/Altin,2.94,Online,False,3.0,Reel Faiz Şoku,SHOCK,Kısıtlayıcı Reel Faiz Baskısı (%2.0+ TIPS),Teyit Edildi (Histerezis Koruması Aktif: 5 gün),5.0,"Makro baskı (Faiz %2.43, Petrol 2.66σ, NDL Z=-0.54) ile sakin piyasa (HY OAS -0.93σ, VIX 15.7) çatışması -> Dengeli Koruma Modu",0.75,2.34,-0.7,0.44,0.05,-1.19,1.28,-0.54,35.3,-0.07,0.65,-0.54,,,,,,,,,,,,,,,,,,,,,,,,,,,,,,,,,,,,,,,,,,,,,,,,,,,,,,,,,,,,,,,,,,,,,,,,,,,,,,,,,,,,,,,,,,,,,,,,,,,,,,,,,,,,,,,,,,,,,,,,,,,,,,,,,,,,,,,,,,,,,,
2026-09-10 22:03,-0.0127,5764533.0,,2.43,,17780415.0,0.0015,,,16.46,0.0,"0.15,0.16,0.15,0.15,0.21,0.18",,,0.4,0.907,8.8,10.0,67.26,74.0,YariIletken/Altin,2.984,Online,False,3.0,Reel Faiz Şoku,SHOCK,Kısıtlayıcı Reel Faiz Baskısı (%2.0+ TIPS),Teyit Edildi (Histerezis Koruması Aktif: 5 gün),5.0,"Makro baskı (Faiz %2.43, Petrol 2.66σ, NDL Z=-0.54) ile sakin piyasa (HY OAS -0.93σ, VIX 15.7) çatışması -> Dengeli Koruma Modu",0.77,2.27,-0.7,0.44,0.05,-1.19,1.33,-0.54,35.3,-0.07,0.65,-0.6,11.0,2.94,0.0,,,,,,,,,,,,,,,,,,,,,,,,,,,,,,,,,,,,,,,,,,,,,,,,,,,,,,,,,,,,,,,,,,,,,,,,,,,,,,,,,,,,,,,,,,,,,,,,,,,,,,,,,,,,,,,,,,,,,,,,,,,,,,,,,,,,,,,,,,,
2026-09-11 01:52,-0.0024,5852548.0,,2.46,,17781924.0,0.0015,,,16.46,0.0,"0.15,0.16,0.15,0.15,0.21,0.18",,,0.39,0.904,8.8,10.0,67.26,74.0,YariIletken/Altin,3.274,Online,False,3.0,Reel Faiz Şoku,SHOCK,Kısıtlayıcı Reel Faiz Baskısı (%2.0+ TIPS),Teyit Edildi (Histerezis Koruması Aktif: 5 gün),5.0,"Makro baskı (Faiz %2.43, Petrol 2.66σ, NDL Z=-0.54) ile sakin piyasa (HY OAS -0.93σ, VIX 15.7) çatışması -> Dengeli Koruma Modu",0.94,2.3,-0.7,0.45,0.05,-1.19,1.39,-0.54,35.3,-0.07,1.08,0.46,11.0,2.94,0.0,,,,,,,,,,,,,,,,,,,,,,,,,,,,,,,,,,,,,,,,,,,,,,,,,,,,,,,,,,,,,,,,,,,,,,,,,,,,,,,,,,,,,,,,,,,,,,,,,,,,,,,,,,,,,,,,,,,,,,,,,,,,,,,,,,,,,,,,,,,
2026-09-12 01:57,-0.0355,5852029.0,,2.55,,17798366.0,0.0015,,,17.84,0.0,"0.16,0.16,0.15,0.15,0.20,0.18",,,0.33,0.852,8.8,10.0,67.26,74.0,YariIletken/Altin,2.271,Online,False,3.0,Reel Faiz Şoku,SHOCK,Bear Flattener (Fed Sıkılaştırma Baskın),Teyit Edildi (Histerezis Koruması Aktif: 10 gün),10.0,Shock Regime 3 active,0.65,2.33,-0.76,0.45,0.05,-1.18,-0.01,-0.17,56.0,-0.08,0.5,0.45,11.0,2.94,0.0,,,,,,,,,,,,,,,,,,,,,,,,,,,,,,,,,,,,,,,,,,,,,,,,,,,,,,,,,,,,,,,,,,,,,,,,,,,,,,,,,,,,,,,,,,,,,,,,,,,,,,,,,,,,,,,,,,,,,,,,,,,,,,,,,,,,,,,,,,,
2026-09-15 02:38,-0.1608,5855864.0,,2.6,,17746014.0,0.0015,,,15.84,0.0,"0.16,0.16,0.16,0.15,0.20,0.18",,,0.32,0.887,8.8,10.0,67.26,71.0,YariIletken/Altin,1.809,Online,False,3.0,Reel Faiz Şoku,SHOCK,Bear Flattener (Fed Sıkılaştırma Baskın),Teyit Edildi (Histerezis Koruması Aktif: 8 gün),8.0,"Makro baskı (Faiz %2.43, Petrol 2.66σ, NDL Z=-0.54) ile sakin piyasa (HY OAS -0.93σ, VIX 15.7) çatışması -> Dengeli Koruma Modu",1.22,1.85,-1.01,0.47,0.26,-1.01,1.48,-0.72,23.8,-0.09,0.62,0.49,11.0,2.94,0.0,,,,,,,,,,,,,,,,,,,,,,,,,,,,,,,,,,,,,,,,,,,,,,,,,,,,,,,,,,,,,,,,,,,,,,,,,,,,,,,,,,,,,,,,,,,,,,,,,,,,,,,,,,,,,,,,,,,,,,,,,,,,,,,,,,,,,,,,,,,
2026-09-16 02:20,-0.2242,5856584.0,,2.6,,17718143.0,0.0015,,,17.1,0.0,"0.16,0.16,0.15,0.15,0.21,0.18",,,0.33,0.888,8.8,10.0,67.26,70.0,YariIletken/Altin,1.999,Online,False,3.0,Reel Faiz Şoku,SHOCK,Bear Flattener (Fed Sıkılaştırma Baskın),Teyit Edildi (Histerezis Koruması Aktif: 7 gün),7.0,"Makro baskı (Faiz %2.43, Petrol 2.66σ, NDL Z=-0.54) ile sakin piyasa (HY OAS -0.93σ, VIX 15.7) çatışması -> Dengeli Koruma Modu",1.33,1.85,-0.68,0.46,0.04,-1.0,1.16,-0.38,44.8,-0.1,0.76,0.49,11.0,2.94,0.0,,,,,,,,,,,,,,,,,,,,,,,,,,,,,,,,,,,,,,,,,,,,,,,,,,,,,,,,,,,,,,,,,,,,,,,,,,,,,,,,,,,,,,,,,,,,,,,,,,,,,,,,,,,,,,,,,,,,,,,,,,,,,,,,,,,,,,,,,,,
2026-09-17 02:27,-0.3472,5851909.0,,2.62,,17648802.0,0.0015,,,17.2,0.0,"0.15,0.16,0.15,0.15,0.21,0.18",,,0.27,0.898,8.8,10.0,67.26,68.0,YariIletken/Altin,1.461,Online,False,3.0,Reel Faiz Şoku,SHOCK,Kısıtlayıcı Reel Faiz Baskısı (%2.0+ TIPS),Teyit Edildi (Histerezis Koruması Aktif: 10 gün),10.0,Shock Regime 3 active,1.08,1.82,-0.4,0.47,0.05,-1.0,1.35,-0.36,46.4,-0.1,0.04,0.43,11.0,2.94,0.0,,,,,,,,,,,,,,,,,,,,,,,,,,,,,,,,,,,,,,,,,,,,,,,,,,,,,,,,,,,,,,,,,,,,,,,,,,,,,,,,,,,,,,,,,,,,,,,,,,,,,,,,,,,,,,,,,,,,,,,,,,,,,,,,,,,,,,,,,,,
2026-09-17 20:29,-0.3519,5851909.0,,2.62,,17657954.0,0.0015,,,17.71,0.0,"0.16,0.15,0.16,0.16,0.20,0.18",,,0.27,0.84,1.0552113654505133,10.0,63.94080487090736,67.0,YariIletken/Altin,1.854,Online,False,3.0,Reel Faiz Şoku,SHOCK,Kısıtlayıcı Reel Faiz Baskısı (%2.0+ TIPS),Teyit Edildi (Histerezis Koruması Aktif: 10 gün),10.0,Shock Regime 3 active,1.09,2.04,-0.73,0.44,0.05,-1.0,1.14,-0.22,53.2,-0.1,0.04,0.43,11.0,14.003983763642124,0.0,0.09,0.502,1.0,"Independent oil shock overlay active: score=0.50, commodity target=14.00% (regime 3).",100.0,,,,,,,,,,,,,,,,,,,,,,,,,,,,,,,,,,,,,,,,,,,,,,,,,,,,,,,,,,,,,,,,,,,,,,,,,,,,,,,,,,,,,,,,,,,,,,,,,,,,,,,,,,,,,,,,,,,,,,,,,,,,,,,,,,,,,,
2026-09-18 02:18,-0.3406,5869244.0,,2.68,,17667603.0,0.0015,,,17.71,0.0,"0.15,0.15,0.16,0.16,0.20,0.18",,,0.27,0.832,1.6053030488128366,10.0,64.17655844949122,68.0,YariIletken/Altin,1.756,Online,False,3.0,Reel Faiz Şoku,SHOCK,Bear Flattener (Fed Sıkılaştırma Baskın),Teyit Edildi (Histerezis Koruması Aktif: 10 gün),10.0,Shock Regime 3 active,1.02,2.08,-0.73,0.44,0.05,-0.99,-0.12,-0.22,53.2,-0.11,0.03,0.64,11.0,13.218138501695949,0.0,-0.04,0.466,1.0,"Independent oil shock overlay active: score=0.47, commodity target=13.22% (regime 3).",100.0,,,,,,,,,,,,,,,,,,,,,,,,,,,,,,,,,,,,,,,,,,,,,,,,,,,,,,,,,,,,,,,,,,,,,,,,,,,,,,,,,,,,,,,,,,,,,,,,,,,,,,,,,,,,,,,,,,,,,,,,,,,,,,,,,,,,,,
2026-09-18 12:01,-0.1436,5869244.0,,2.68,,0.0,0.0015,,,15.23,0.0,"0.1577,0.1543,0.1553,0.1593,0.1956,0.1778",,,0.27,0.821,8.8,10.0,67.26,68.0,YariIletken/Altin,0.683,Degraded,False,3.0,Reel Faiz Şoku,SHOCK,Bear Flattener (Fed Sıkılaştırma Baskın),Teyit Edildi — Histerezis 10 gün,10.0,Multiple shocks resolved by highest absolute trigger magnitude: R3.,0.59,2.08,-0.73,0.45,0.05,-0.99,2.62,-0.22,53.2,-0.11,0.03,0.64,11.0,2.94,0.0,-0.77,0.0,0.0,,100.0,LIVE,LIVE_ENGINE,,44.0,0.0,0.0,0.818,0.667,DEGRADED,,missing secondary market series: ^VIX3M,0.0,,,,,,,,,,,,,,,,,,,,,,,,,,,,,,,,,,,,,,,,,,,,,,,,,,,,,,,,,,,,,,,,,,,,,,,,,,,,,,,,,,,,,,,,,,,,,,,,,,,,,,,,,,,,,,,,,,,,,,,,,,
2026-09-18 12:09,-0.1437,5869244.0,,2.68,,0.0,0.0015,,,15.22,0.0,"0.1577,0.1544,0.1553,0.1593,0.1956,0.1778",,,0.27,0.82,8.8,10.0,67.26,68.0,YariIletken/Altin,0.685,Degraded,False,3.0,Reel Faiz Şoku,SHOCK,Bear Flattener (Fed Sıkılaştırma Baskın),Teyit Edildi — Histerezis 10 gün,10.0,Multiple shocks resolved by highest absolute trigger magnitude: R3.,0.59,2.08,-0.73,0.45,0.05,-0.99,2.51,-0.22,53.2,-0.11,0.03,0.64,11.0,2.94,0.0,-0.77,0.0,0.0,,100.0,LIVE,LIVE_ENGINE,,44.0,0.0,0.0,0.818,0.667,DEGRADED,,missing secondary market series: ^VIX3M,0.0,,,,,,,,,,,,,,,,,,,,,,,,,,,,,,,,,,,,,,,,,,,,,,,,,,,,,,,,,,,,,,,,,,,,,,,,,,,,,,,,,,,,,,,,,,,,,,,,,,,,,,,,,,,,,,,,,,,,,,,,,,
2026-09-18 12:15,-0.1437,5869244.0,,2.68,,0.0,0.0015,,,15.22,0.0,"0.1577,0.1545,0.1552,0.1592,0.1957,0.1777",,,0.27,0.82,8.8,10.0,67.26,68.0,YariIletken/Altin,0.67,Degraded,False,3.0,Reel Faiz Şoku,SHOCK,Bear Flattener (Fed Sıkılaştırma Baskın),Teyit Edildi — Histerezis 10 gün,10.0,Multiple shocks resolved by highest absolute trigger magnitude: R3.,0.58,2.08,-0.73,0.45,0.05,-0.99,2.46,-0.22,53.2,-0.11,0.03,0.64,11.0,2.94,0.0,-0.79,0.0,0.0,,100.0,LIVE,LIVE_ENGINE,,45.2,0.0,0.0,0.818,0.667,DEGRADED,,missing secondary market series: ^VIX3M,0.0,,,,,,,,,,,,,,,,,,,,,,,,,,,,,,,,,,,,,,,,,,,,,,,,,,,,,,,,,,,,,,,,,,,,,,,,,,,,,,,,,,,,,,,,,,,,,,,,,,,,,,,,,,,,,,,,,,,,,,,,,,
2026-09-18 12:32,-0.0699,5869244.0,,2.68,,0.0,0.0015,,,15.2,0.0,"0.1577,0.1543,0.1553,0.1593,0.1956,0.1778",,,0.27,0.819,3.7955,10.0,65.1152,69.0,YariIletken/Altin,0.651,Degraded,False,3.0,Reel Faiz Şoku,SHOCK,Bear Flattener (Fed Sıkılaştırma Baskın),Teyit Edildi — Histerezis 10 gün,10.0,Multiple shocks resolved by highest absolute trigger magnitude: R3.,0.57,2.08,-0.73,0.45,0.05,-0.99,2.63,-0.22,53.2,-0.11,0.03,0.64,11.0,10.0893,0.0,-0.8,0.0,0.0,,100.0,LIVE,LIVE_ENGINE,,45.2,0.0,0.0,0.818,0.667,DEGRADED,,missing secondary market series: ^VIX3M,0.0,91.4,91.4,1.85,1.85,0.667,69.8,2.8,13.1,0.6,,0.0,0.0,NONE,,Yahoo:CL=F,Yahoo:BZ=F,Yahoo:^VIX3M,unavailable,,,,,,,,,,,,,,,,,,,,,,,,,,,,,,,,,,,,,,,,,,,,,,,,,,,,,,,,,,,,,,,,,,,,,,,,,,,,,,,,,,,,,,,,,,,,,,,,,,,,,,,,
2026-09-18 13:00,-0.0693,5869244.0,,2.68,,,0.0015,,,15.35,0.0,"0.1577,0.1549,0.1549,0.1589,0.1960,0.1776",,,0.27,0.827,3.4269,10.0,64.9573,69.0,YariIletken/Altin,0.775,Online,False,3.0,Reel Faiz Kısıtlayıcı Rejimi,CONSTRAINT,Bear Flattener (Fed Sıkılaştırma Baskın),Teyit Edildi — Histerezis 10 gün,10.0,Persistent restrictive real-rate state active; no hard shock regime confirmed.,0.65,2.08,-0.73,0.46,0.05,-0.99,2.73,-0.22,53.2,-0.1,0.03,0.64,11.0,10.6158,0.0,-0.68,0.45,1.0,"Independent oil event active (STRUCTURAL): score=0.45, commodity allocation=10.62%.",100.0,LIVE,LIVE_ENGINE,,37.7,0.234,0.0,0.818,0.667,HEALTHY,,,1.0,77.8,92.6,0.87,1.93,0.667,70.2,2.53,9.5,0.6,,0.105,0.45,STRUCTURAL,BDRY=Yahoo:BDRY | BTC-USD=Yahoo:BTC-USD | BZ=F=Yahoo:BZ=F | CL=F=Yahoo:CL=F | ES=F=Yahoo:ES=F | EURUSD=X=Yahoo:EURUSD=X | GC=F=Yahoo:GC=F | HG=F=Yahoo:HG=F | HO=F=Yahoo:HO=F | JPYUSD=X=Yahoo:JPYUSD=X | NG=F=Yahoo:NG=F | RB=F=Yahoo:RB=F | SI=F=Yahoo:SI=F | SOXX=Yahoo:SOXX | TLT=Yahoo:TLT | USDJPY=X=Yahoo:USDJPY=X | ^VIX=Yahoo:^VIX | ^VIX3M=Yahoo:^VIX3M+FRED:CBOE_VXVCLS,Yahoo:CL=F,Yahoo:BZ=F,Yahoo:^VIX3M+FRED:CBOE_VXVCLS,unavailable,96.27,98.8,7719.0,0.0,NONE,2.41,100.0,INSUFFICIENT_HISTORY,0.0,,0.0,,0.0,,,,,,,,,,,,,,,,,,,,,,,,,,,,,,,,,,,,,,,,,,,,,,,,,,,,,,,,,,,,,,,,,,,,,,,,,,,,,,,,,,,,,,,,,,,
2026-09-18 14:33,-0.0696,5869244.0,,2.68,,,0.0015,,,15.42,0.0,"0.1577,0.1552,0.1547,0.1586,0.1962,0.1775",,,0.27,0.831,27.3877,2.04,47.1861,69.0,YariIletken/Altin,0.748,Online,False,3.0,Reel Faiz Kısıtlayıcı Rejimi,CONSTRAINT,Bear Flattener (Fed Sıkılaştırma Baskın),Teyit Edildi — Histerezis 10 gün,10.0,Persistent restrictive real-rate state active; no hard shock regime confirmed.,0.63,2.08,-0.73,0.46,0.05,-0.99,2.45,-0.22,53.2,-0.1,0.03,0.64,7.14,11.1462,5.1,-0.71,0.0,1.0,"Confirmed oil event active (STRUCTURAL): score=0.41, commodity allocation=11.15%.",100.0,LIVE,LIVE_ENGINE,,40.1,0.0,0.0,0.818,0.667,HEALTHY,,,False,77.0,92.3,0.86,1.92,0.667,70.2,2.61,10.7,0.6,0.14,0.0,0.406,PRESSURE_ONLY,BDRY=Yahoo:BDRY | BTC-USD=Yahoo:BTC-USD | BZ=F=Yahoo:BZ=F | CL=F=Yahoo:CL=F | ES=F=Yahoo:ES=F | EURUSD=X=Yahoo:EURUSD=X | GC=F=Yahoo:GC=F | HG=F=Yahoo:HG=F | HO=F=Yahoo:HO=F | JPYUSD=X=Yahoo:JPYUSD=X | NG=F=Yahoo:NG=F | RB=F=Yahoo:RB=F | SI=F=Yahoo:SI=F | SOXX=Yahoo:SOXX | TLT=Yahoo:TLT | USDJPY=X=Yahoo:USDJPY=X | ^VIX=Yahoo:^VIX | ^VIX3M=Yahoo:^VIX3M+FRED:CBOE_VXVCLS | FRED:spread=FRED_API | FRED:tips=FRED_API | FRED:vix=FRED_API | FRED:dxy=FRED_API | FRED:dgs2=FRED_API | FRED:dgs10=FRED_API | FRED:t10yie=FRED_API,Yahoo:CL=F,Yahoo:BZ=F,Yahoo:^VIX3M+FRED:CBOE_VXVCLS,EIA_API:WCESTUS1,96.06,98.67,7713.75,0.0,PERSISTENT_LEVEL,2.41,100.0,INSUFFICIENT_HISTORY,0.0,,0.0,,0.0,,0.406,False,False,Structural qualification confirmed by high price level plus persistence/supply stress.,ADAPTIVE_OPPORTUNITY_BTC,0.0,0.0,FULL,,,,,,,,,,,,,,,,,,,,,,,,,,,,,,,,,,,,,,,,,,,,,,,,,,,,,,,,,,,,,,,,,,,,,,,,,,,,,,,,,,
2026-09-18 14:50,-0.0695,5869244.0,,2.68,,,0.0015,,,15.36,0.0,"0.1577,0.1551,0.1548,0.1587,0.1962,0.1775",,,0.27,0.828,27.3555,2.04,47.1723,69.0,YariIletken/Altin,0.759,Online,False,3.0,Reel Faiz Kısıtlayıcı Rejimi,CONSTRAINT,Bear Flattener (Fed Sıkılaştırma Baskın),Teyit Edildi — Histerezis 10 gün,10.0,Persistent restrictive real-rate state active; no hard shock regime confirmed.,0.64,2.08,-0.73,0.46,0.05,-0.99,2.68,-0.22,53.2,-0.1,0.03,0.64,7.14,11.1922,5.1,-0.7,0.409,True,"Confirmed oil event active (STRUCTURAL): score=0.41, commodity allocation=11.19%.",100.0,LIVE,LIVE_ENGINE,,38.1,0.178,0.0,0.818,0.667,HEALTHY,,,True,77.4,92.5,0.86,1.92,0.667,70.2,2.39,7.5,0.6,0.14,0.099,0.409,STRUCTURAL,BDRY=Yahoo:BDRY | BTC-USD=Yahoo:BTC-USD | BZ=F=Yahoo:BZ=F | CL=F=Yahoo:CL=F | ES=F=Yahoo:ES=F | EURUSD=X=Yahoo:EURUSD=X | GC=F=Yahoo:GC=F | HG=F=Yahoo:HG=F | HO=F=Yahoo:HO=F | JPYUSD=X=Yahoo:JPYUSD=X | NG=F=Yahoo:NG=F | RB=F=Yahoo:RB=F | SI=F=Yahoo:SI=F | SOXX=Yahoo:SOXX | TLT=Yahoo:TLT | USDJPY=X=Yahoo:USDJPY=X | ^VIX=Yahoo:^VIX | ^VIX3M=Yahoo:^VIX3M+FRED:CBOE_VXVCLS | FRED:spread=FRED_API | FRED:tips=FRED_API | FRED:vix=FRED_API | FRED:dxy=FRED_API | FRED:dgs2=FRED_API | FRED:dgs10=FRED_API | FRED:t10yie=FRED_API,Yahoo:CL=F,Yahoo:BZ=F,Yahoo:^VIX3M+FRED:CBOE_VXVCLS,EIA_API:WCESTUS1,96.14,98.53,7715.25,0.0,PERSISTENT_LEVEL,2.41,100.0,INSUFFICIENT_HISTORY,0.0,,0.0,,0.0,,0.409,True,False,Structural qualification confirmed by high price level plus persistence/supply confirmation.,ADAPTIVE_OPPORTUNITY_BTC,0.0,0.0,FULL,True,True,False,False,True,,,,,,,,,,,,,,,,,,,,,,,,,,,,,,,,,,,,,,,,,,,,,,,,,,,,,,,,,,,,,,,,,,,,,,,,,,,,,
2026-09-18 15:19,-0.0694,5869244.0,,2.68,,,0.0015,,,15.37,0.0,"0.1577,0.1558,0.1544,0.1582,0.1966,0.1774",,,0.27,0.829,9.9109,6.2356,55.0917,69.0,YariIletken/Altin,0.782,Online,False,3.0,Reel Faiz Kısıtlayıcı Rejimi,CONSTRAINT,Bear Flattener (Fed Sıkılaştırma Baskın),Teyit Edildi — Histerezis 10 gün,10.0,Persistent restrictive real-rate state active; no hard shock regime confirmed.,0.65,2.08,-0.73,0.46,0.05,-0.99,2.68,-0.22,53.2,-0.1,0.03,0.64,9.3017,12.9734,6.4867,-0.68,0.415,True,Confirmed oil event (STRUCTURAL); commodity priority raised inside existing risk budget.,100.0,LIVE,LIVE_ENGINE,,37.3,0.184,0.0,0.818,0.667,HEALTHY,,,True,78.2,92.7,0.87,1.94,0.667,70.2,2.29,7.5,0.6,0.14,0.108,0.415,STRUCTURAL,BDRY=Yahoo:BDRY | BTC-USD=Yahoo:BTC-USD | BZ=F=Yahoo:BZ=F | CL=F=Yahoo:CL=F | ES=F=Yahoo:ES=F | EURUSD=X=Yahoo:EURUSD=X | GC=F=Yahoo:GC=F | HG=F=Yahoo:HG=F | HO=F=Yahoo:HO=F | JPYUSD=X=Yahoo:JPYUSD=X | NG=F=Yahoo:NG=F | RB=F=Yahoo:RB=F | SI=F=Yahoo:SI=F | SOXX=Yahoo:SOXX | TLT=Yahoo:TLT | USDJPY=X=Yahoo:USDJPY=X | ^VIX=Yahoo:^VIX | ^VIX3M=Yahoo:^VIX3M | FRED:spread=FRED_API | FRED:tips=FRED_API | FRED:vix=FRED_API | FRED:dxy=FRED_API | FRED:dgs2=FRED_API | FRED:dgs10=FRED_API | FRED:t10yie=FRED_API,Yahoo:CL=F,Yahoo:BZ=F,Yahoo:^VIX3M,EIA_API:WCESTUS1,96.32,98.61,7705.0,0.0,PERSISTENT_LEVEL,2.41,100.0,INSUFFICIENT_HISTORY,0.0,,0.0,,0.0,,0.415,True,False,Structural qualification confirmed by high price level plus persistence/supply confirmation.,ADAPTIVE_CROSS_ASSET_V3,0.0,0.0,FULL,True,True,False,False,True,0.45,0.4491,0.4491,0.753,0.8179,0.2976,0.0,0.0,0.8,-0.0019,0.3251,53.17,0.64,1.0,0.2,0.0,No broad cross-asset liquidation pattern detected.,1.0,Confirmed oil event (STRUCTURAL); commodity priority raised inside existing risk budget.,0.7705,0.7039,0.284,0.9092,0.7741,5.0,"Adaptive cross-asset allocation based on opportunity, volatility and macro risk.",4411.2002,6.656,67.16,77921.4766,5.01,,,,,,,,,,,,,,,,,,,,,,,,,,,,,,,,,,,,,,,,,,,,,,
2026-09-18 16:01,-0.0693,5869244.0,,2.68,,,0.0015,,,15.51,0.0,"0.1577,0.1560,0.1543,0.1580,0.1968,0.1773",,,0.27,0.836,9.6205,6.0749,56.33,69.0,YariIletken/Altin,0.836,Online,False,3.0,Reel Faiz Kısıtlayıcı Rejimi,CONSTRAINT,Bear Flattener (Fed Sıkılaştırma Baskın),Teyit Edildi — Histerezis 10 gün,10.0,Persistent restrictive real-rate state active; no hard shock regime confirmed.,0.68,2.08,-0.73,0.46,0.05,-0.99,2.42,-0.22,53.2,-0.1,0.03,0.64,9.0342,12.6269,6.3134,-0.62,0.493,True,Confirmed oil event (STRUCTURAL); commodity priority raised inside existing risk budget.,99.9999,LIVE,LIVE_ENGINE,,34.1,0.0,0.0,0.818,0.667,HEALTHY,,,True,81.7,93.9,0.9,1.97,0.667,70.2,2.08,7.1,0.8,0.14,0.127,0.493,STRUCTURAL,BDRY=Yahoo:BDRY | BTC-USD=Yahoo:BTC-USD | BZ=F=Yahoo:BZ=F | CL=F=Yahoo:CL=F | ES=F=Yahoo:ES=F | EURUSD=X=Yahoo:EURUSD=X | GC=F=Yahoo:GC=F | HG=F=Yahoo:HG=F | HO=F=Yahoo:HO=F | JPYUSD=X=Yahoo:JPYUSD=X | NG=F=Yahoo:NG=F | RB=F=Yahoo:RB=F | SI=F=Yahoo:SI=F | SOXX=Yahoo:SOXX | TLT=Yahoo:TLT | USDJPY=X=Yahoo:USDJPY=X | ^VIX=Yahoo:^VIX | ^VIX3M=Yahoo:^VIX3M | FRED:spread=FRED_API | FRED:tips=FRED_API | FRED:vix=FRED_API | FRED:dxy=FRED_API | FRED:dgs2=FRED_API | FRED:dgs10=FRED_API | FRED:t10yie=FRED_API,Yahoo:CL=F,Yahoo:BZ=F,Yahoo:^VIX3M,EIA_API:WCESTUS1,96.73,98.81,7701.25,0.0,PERSISTENT_LEVEL,2.41,100.0,INSUFFICIENT_HISTORY,0.0,,0.0,,0.0,,0.493,True,False,Structural qualification confirmed by high price level plus persistence/supply confirmation.,ADAPTIVE_CROSS_ASSET_V3_1,0.0,0.0,FULL,True,True,False,False,True,0.45,0.4367,0.4367,0.7529,0.8176,0.2976,0.0,0.0,0.8,-0.0024,0.3251,53.17,0.64,1.0,0.2,0.0,No broad cross-asset liquidation pattern detected.,1.0,Confirmed oil event (STRUCTURAL); commodity priority raised inside existing risk budget.,0.7667,0.7007,0.284,0.9118,0.7743,5.0,Adaptive cross-asset allocation with predictive risk/opportunity validation.,4407.0,6.661,67.085,77930.4062,5.01,WARMUP,0.0,0.0,0.0,0.0,0.2,0.0,0.0,0.5,0.0,0.0,Predictive layer not yet calibrated.,,"Predictive calibration warming up: matured=0, risk_bin=0, opportunity_bin=0.",,,,,,,,,,,,,,,,,,,,,,,,,,,,,,,,
2026-09-18 16:06,-0.0693,5869244.0,,2.68,,,0.0015,,,15.5,0.0,"0.1577,0.1560,0.1543,0.1580,0.1968,0.1773",,,0.27,0.836,9.6173,6.0744,56.3345,69.0,YariIletken/Altin,0.824,Online,False,3.0,Reel Faiz Kısıtlayıcı Rejimi,CONSTRAINT,Bear Flattener (Fed Sıkılaştırma Baskın),Teyit Edildi — Histerezis 10 gün,10.0,Persistent restrictive real-rate state active; no hard shock regime confirmed.,0.68,2.08,-0.73,0.46,0.05,-0.99,2.43,-0.22,53.2,-0.1,0.03,0.64,9.0366,12.6248,6.3124,-0.64,0.443,True,Confirmed oil event (STRUCTURAL); commodity priority raised inside existing risk budget.,100.0,LIVE,LIVE_ENGINE,,34.9,0.0,0.0,0.818,0.667,HEALTHY,,,True,81.7,93.9,0.9,1.96,0.667,70.2,2.07,7.1,0.6,0.14,0.122,0.443,STRUCTURAL,BDRY=Yahoo:BDRY | BTC-USD=Yahoo:BTC-USD | BZ=F=Yahoo:BZ=F | CL=F=Yahoo:CL=F | ES=F=Yahoo:ES=F | EURUSD=X=Yahoo:EURUSD=X | GC=F=Yahoo:GC=F | HG=F=Yahoo:HG=F | HO=F=Yahoo:HO=F | JPYUSD=X=Yahoo:JPYUSD=X | NG=F=Yahoo:NG=F | RB=F=Yahoo:RB=F | SI=F=Yahoo:SI=F | SOXX=Yahoo:SOXX | TLT=Yahoo:TLT | USDJPY=X=Yahoo:USDJPY=X | ^VIX=Yahoo:^VIX | ^VIX3M=Yahoo:^VIX3M | FRED:spread=FRED_API | FRED:tips=FRED_API | FRED:vix=FRED_API | FRED:dxy=FRED_API | FRED:dgs2=FRED_API | FRED:dgs10=FRED_API | FRED:t10yie=FRED_API,Yahoo:CL=F,Yahoo:BZ=F,Yahoo:^VIX3M,EIA_API:WCESTUS1,96.64,98.71,7701.0,0.0,PERSISTENT_LEVEL,2.41,100.0,INSUFFICIENT_HISTORY,0.0,,0.0,,0.0,,0.443,True,False,Structural qualification confirmed by high price level plus persistence/supply confirmation.,ADAPTIVE_CROSS_ASSET_V3_1,0.0,0.0,FULL,True,True,False,False,True,0.45,0.4367,0.4367,0.7529,0.8179,0.2976,0.0,0.0,0.8,-0.0024,0.3251,53.17,0.64,1.0,0.2,0.0,No broad cross-asset liquidation pattern detected.,1.0,Confirmed oil event (STRUCTURAL); commodity priority raised inside existing risk budget.,0.7664,0.701,0.284,0.9115,0.7757,5.0,Adaptive cross-asset allocation with predictive risk/opportunity validation.,4407.5,6.663,67.1,77990.0,5.01,WARMUP,0.0,0.0,0.0,0.0,0.2,0.0,0.0,0.5,0.0,0.0,Predictive layer not yet calibrated.,,"Predictive calibration warming up: matured=0, risk_bin=0, opportunity_bin=0.",,,,,,,,,,,,,,,,,,,,,,,,,,,,,,,,
2026-09-18 16:42,-0.0662,5869244.0,,2.68,,,0.0015,,,15.43,0.0,"0.1577,0.1555,0.1545,0.1584,0.1965,0.1774",,,0.27,0.832,9.6539,6.0506,56.4194,69.0,YariIletken/Altin,0.971,Online,False,3.0,Reel Faiz Kısıtlayıcı Rejimi,CONSTRAINT,Bear Flattener (Fed Sıkılaştırma Baskın),Teyit Edildi — Histerezis 10 gün,10.0,Persistent restrictive real-rate state active; no hard shock regime confirmed.,0.76,2.06,-0.73,0.46,0.05,-0.99,2.56,-0.84,15.5,-0.1,0.03,0.64,8.9567,12.613,6.3065,-0.49,0.493,True,Confirmed oil event (STRUCTURAL); commodity priority raised inside existing risk budget.,100.0001,LIVE,LIVE_ENGINE,,23.4,0.056,0.0,0.818,0.333,HEALTHY,,,True,81.7,93.9,0.97,2.05,0.667,71.8,2.07,7.1,0.8,0.14,0.078,0.493,STRUCTURAL,BDRY=Yahoo:BDRY | BTC-USD=Yahoo:BTC-USD | BZ=F=Yahoo:BZ=F | CL=F=Yahoo:CL=F | ES=F=Yahoo:ES=F | EURUSD=X=Yahoo:EURUSD=X | GC=F=Yahoo:GC=F | HG=F=Yahoo:HG=F | HO=F=Yahoo:HO=F | JPYUSD=X=Yahoo:JPYUSD=X | NG=F=Yahoo:NG=F | RB=F=Yahoo:RB=F | SI=F=Yahoo:SI=F | SOXX=Yahoo:SOXX | TLT=Yahoo:TLT | USDJPY=X=Yahoo:USDJPY=X | ^VIX=Yahoo:^VIX | ^VIX3M=Yahoo:^VIX3M | FRED:spread=FRED_API | FRED:tips=FRED_API | FRED:vix=FRED_API | FRED:dxy=FRED_API | FRED:dgs2=FRED_API | FRED:dgs10=FRED_API | FRED:t10yie=FRED_API,Yahoo:CL=F,Yahoo:BZ=F,Yahoo:^VIX3M,EIA_API:WCESTUS1,97.73,99.8,7709.0,0.0,PERSISTENT_LEVEL,2.41,100.0,INSUFFICIENT_HISTORY,0.0,,0.0,,0.0,,0.493,True,False,Structural qualification confirmed by high price level plus persistence/supply confirmation.,ADAPTIVE_CROSS_ASSET_V3_1,0.0,0.0,FULL,True,True,False,False,True,0.45,0.4358,0.4358,0.7514,0.831,0.1489,0.0,0.0,0.6,-0.0014,0.326,15.48,0.64,1.0,0.2,0.0,No broad cross-asset liquidation pattern detected.,1.0,Confirmed oil event (STRUCTURAL); commodity priority raised inside existing risk budget.,0.7745,0.6958,0.284,0.9188,0.7998,5.0,Adaptive cross-asset allocation with predictive risk/opportunity validation.,4400.7002,6.662,66.985,79146.5391,5.01,WARMUP,0.0,0.0,0.0,0.0,0.2,0.0,0.0,0.5,0.0,0.0,Predictive layer not yet calibrated.,,"Predictive calibration warming up: daily_rows=17, matured=0, risk_bin=0, opportunity_bin=0.",,,,,,,,,,,,,,,,,,,,,,,,,,,,,,,,
2026-09-19 02:24,0.0,0.0,,0.0,,,0.0,,,0.0,0.0,,,,0.0,,9.6539,6.0506,56.4193,0.0,,0.0,Market Closed,False,3.0,Reel Faiz Kısıtlayıcı Rejimi,CONSTRAINT,Bear Flattener (Fed Sıkılaştırma Baskın),Teyit Edildi — Histerezis 10 gün,10.0,Persistent restrictive real-rate state active; no hard shock regime confirmed.,0.0,0.0,0.0,0.0,0.0,0.0,0.0,0.0,50.0,0.0,0.0,0.0,8.9567,12.613,6.3065,0.0,0.0,False,No confirmed oil event; commodity event overlay must remain disabled.,100.0,MARKET_CLOSED_HOLD,MARKET_CLOSED_HOLD,2026-09-18 16:42,0.0,0.056,0.0,0.5,0.0,MARKET_CLOSED,,Market calendar: weekend hold; no new allocation decision.,False,0.0,0.0,0.0,0.0,0.0,0.0,0.0,0.0,0.0,0.0,0.078,0.493,PRESSURE_ONLY,,Yahoo:CL=F,Yahoo:BZ=F,Yahoo:^VIX3M,EIA_API:WCESTUS1,97.73,99.8,,0.0,PERSISTENT_LEVEL,0.0,50.0,INSUFFICIENT_HISTORY,0.0,,0.0,,0.0,,0.493,False,False,Structural pressure below the confirmed-event qualification zone.,STATIC_REGIME,0.0,0.0,NOT_EVALUATED,False,False,False,False,False,0.0,0.0,0.0,1.0,0.0,0.0,0.0,0.0,0.0,0.0,0.0,50.0,0.0,1.0,0.0,0.0,,0.0,,0.0,0.0,0.0,0.0,0.0,0.0,,,,,,,WARMUP,0.0,0.0,0.0,0.0,0.2,0.0,0.0,0.5,0.0,0.0,Predictive layer not yet calibrated.,,"Predictive calibration warming up: daily_rows=17, matured=0, risk_bin=0, opportunity_bin=0.",Market closed: last trusted state retained; no new market decision created.,,,,,,,,,,,,,,,,,,,,,,,,,,,,,,,
2026-09-22 03:11,-0.0744,5868938.0,,2.68,,,0.0015,,,14.87,0.0,"0.1550,0.1523,0.1536,0.1718,0.1861,0.1813",,,0.2,0.822,10.5836,6.1413,54.4694,69.0,YariIletken/Altin,-0.248,Online,False,3.0,Reel Faiz Kısıtlayıcı Rejimi,CONSTRAINT,Bear Flattener (Fed Sıkılaştırma Baskın),Teyit Edildi — Histerezis 10 gün,10.0,Persistent restrictive real-rate state active; no hard shock regime confirmed.,-0.26,1.98,-0.84,0.45,0.27,0.25,0.43,-1.01,7.1,-0.1,0.17,0.62,9.411,12.9298,6.4649,-1.42,0.368,True,Confirmed oil event (STRUCTURAL); commodity priority raised inside existing risk budget.,100.0,LIVE,LIVE_ENGINE,,81.7,0.0,0.0,0.778,0.667,HEALTHY,,,True,65.9,88.6,0.55,1.58,0.667,65.1,4.0,27.4,0.8,0.12,0.191,0.368,STRUCTURAL,BDRY=Yahoo:BDRY | BTC-USD=Yahoo:BTC-USD | BZ=F=Yahoo:BZ=F | CL=F=Yahoo:CL=F | ES=F=Yahoo:ES=F | EURUSD=X=Yahoo:EURUSD=X | GC=F=Yahoo:GC=F | HG=F=Yahoo:HG=F | HO=F=Yahoo:HO=F | JPYUSD=X=Yahoo:JPYUSD=X | NG=F=Yahoo:NG=F | RB=F=Yahoo:RB=F | SI=F=Yahoo:SI=F | SOXX=Yahoo:SOXX | TLT=Yahoo:TLT | USDJPY=X=Yahoo:USDJPY=X | ^VIX=Yahoo:^VIX | ^VIX3M=Yahoo:^VIX3M | FRED:spread=FRED_API | FRED:tips=FRED_API | FRED:vix=FRED_API | FRED:dxy=FRED_API | FRED:dgs2=FRED_API | FRED:dgs10=FRED_API | FRED:t10yie=FRED_API,Yahoo:CL=F,Yahoo:BZ=F,Yahoo:^VIX3M,EIA_API:WCESTUS1,92.15,96.15,7836.75,0.0,PERSISTENT_LEVEL,2.28,100.0,INSUFFICIENT_HISTORY,2.0,0.5,2.0,0.5,0.0,,0.368,True,False,Structural qualification confirmed by high price level plus persistence/supply confirmation.,ADAPTIVE_CROSS_ASSET_V3_1,0.0,0.0,FULL,True,True,False,False,True,0.45,0.4553,0.4553,0.785,0.8723,0.0,0.0,0.0,0.2,0.0212,0.2908,7.14,0.62,1.0,0.2,0.0,No broad cross-asset liquidation pattern detected.,1.0,Confirmed oil event (STRUCTURAL); commodity priority raised inside existing risk budget.,0.8787,0.7554,0.3072,0.8703,0.8679,5.0,Adaptive cross-asset allocation with predictive risk/opportunity validation.,4412.1001,6.8035,67.24,86412.5625,5.01,WARMUP,0.0,0.0,0.0,0.0,0.2,0.0,0.0,0.5,0.0,0.0,Predictive layer not yet calibrated.,,"Predictive calibration warming up: daily_rows=17, matured=0, risk_bin=0, opportunity_bin=0.",,,,,,,,,,,,,,,,,,,,,,,,,,,,,,,,
2026-09-22 15:17,-0.0519,5868938.0,,2.68,,,0.0016,,,14.7,0.0,"0.1549,0.1521,0.1541,0.1718,0.1859,0.1812",,,0.2,0.813,10.8126,6.2633,54.3488,69.0,YariIletken/Altin,-0.389,Online,False,3.0,Reel Faiz Kısıtlayıcı Rejimi,CONSTRAINT,Bear Flattener (Fed Sıkılaştırma Baskın),Teyit Edildi — Histerezis 10 gün,10.0,Persistent restrictive real-rate state active; no hard shock regime confirmed.,-0.39,2.18,-0.84,0.45,0.27,0.25,0.2,-1.01,7.1,-0.1,0.17,0.62,9.0935,12.9879,6.4939,-1.66,0.297,True,Confirmed oil event (STRUCTURAL); commodity priority raised inside existing risk budget.,100.0,LIVE,LIVE_ENGINE,,88.5,0.0,0.0,0.778,0.667,HEALTHY,,,True,58.7,86.2,0.42,1.43,0.667,68.3,8.13,90.5,0.6,0.12,0.191,0.297,STRUCTURAL,BDRY=Yahoo:BDRY | BTC-USD=Yahoo:BTC-USD | BZ=F=Yahoo:BZ=F | CL=F=Yahoo:CL=F | ES=F=Yahoo:ES=F | EURUSD=X=Yahoo:EURUSD=X | GC=F=Yahoo:GC=F | HG=F=Yahoo:HG=F | HO=F=Yahoo:HO=F | JPYUSD=X=Yahoo:JPYUSD=X | NG=F=Yahoo:NG=F | RB=F=Yahoo:RB=F | SI=F=Yahoo:SI=F | SOXX=Yahoo:SOXX | TLT=Yahoo:TLT | USDJPY=X=Yahoo:USDJPY=X | ^VIX=Yahoo:^VIX | ^VIX3M=Yahoo:^VIX3M | FRED:spread=FRED_API | FRED:tips=FRED_API | FRED:vix=FRED_API | FRED:dxy=FRED_API | FRED:dgs2=FRED_API | FRED:dgs10=FRED_API | FRED:t10yie=FRED_API,Yahoo:CL=F,Yahoo:BZ=F,Yahoo:^VIX3M,EIA_API:WCESTUS1,90.31,98.44,7837.75,0.0,PERSISTENT_LEVEL,2.28,100.0,INSUFFICIENT_HISTORY,3.0,0.3333333333333333,3.0,0.3333333333333333,0.0,,0.297,True,False,Structural qualification confirmed by high price level plus persistence/supply confirmation.,ADAPTIVE_CROSS_ASSET_V3_2,0.0,0.0,FULL,True,True,False,True,True,0.45,0.4565,0.4565,0.7871,0.8672,0.0,0.0,0.0,0.4,0.0213,0.2971,7.14,0.62,1.0,0.2,0.0,No broad cross-asset liquidation pattern detected.,1.0,Confirmed oil event (STRUCTURAL); commodity priority raised inside existing risk budget.,0.8806,0.6987,0.3072,0.8626,0.8583,5.0,Adaptive cross-asset allocation with V3.2 risk-appetite and predictive validation.,4360.6001,6.848,66.18,85802.3516,5.01,WARMUP,0.0,0.0,0.0,0.0,0.2,0.0,0.0,0.5,0.0,0.0,Predictive layer not yet calibrated.,,"Predictive calibration warming up: daily_rows=17, matured=0, risk_bin=0, opportunity_bin=0.",,52.9381,NEUTRAL,0.9,0.0,0.2248,0.0,NONE,0.4706,0.325,1.0,0.0,Neutral risk-appetite state: no structural risk-budget adjustment.,0.0,0.0,0.0,0.0,52.3575,-0.5446,0.1247,10.0,10.0,MARKET_PROXY_ENSEMBLE_V3_2,23.0,23.0,ES=F=0.0d | CL=F=0.0d | GC=F=0.0d | ^VIX=0.0d | HG=F=0.0d | SI=F=0.0d | USDJPY=X=0.0d | EURUSD=X=0.0d | SOXX=0.0d | BTC-USD=0.0d | BDRY=0.0d | ^VIX3M=0.0d | BZ=F=0.0d | HO=F=0.0d | RB=F=0.0d | NG=F=0.0d | FRED:spread=2026-09-18 | FRED:tips=2026-09-18 | FRED:vix=2026-09-18 | FRED:dxy=2026-09-18 | FRED:dgs2=2026-09-18 | FRED:dgs10=2026-09-18 | FRED:t10yie=2026-09-21,0.7,0.3,0.6503,0.6979,0.7328,0.7519
2026-09-22 21:15,-0.0495,5869067.0,,2.68,,,0.0016,,,14.28,0.0,"0.1549,0.1521,0.1541,0.1717,0.1859,0.1812",,,0.2,0.808,10.6526,6.1715,54.4356,69.0,YariIletken/Altin,-0.431,Online,False,3.0,Reel Faiz Kısıtlayıcı Rejimi,CONSTRAINT,Bear Flattener (Fed Sıkılaştırma Baskın),Teyit Edildi — Histerezis 10 gün,10.0,Persistent restrictive real-rate state active; no hard shock regime confirmed.,-0.43,1.99,-0.84,0.45,0.27,0.25,0.48,-0.99,7.1,-0.1,0.17,0.62,9.288,12.9682,6.4841,-1.74,0.342,True,Confirmed oil event (STRUCTURAL); commodity priority raised inside existing risk budget.,100.0,LIVE,LIVE_ENGINE,,89.7,0.0,0.0,0.778,0.667,HEALTHY,,,True,57.9,86.0,0.38,1.38,0.667,68.7,8.81,90.9,0.8,0.12,0.191,0.342,STRUCTURAL,BDRY=Yahoo:BDRY | BTC-USD=Yahoo:BTC-USD | BZ=F=Yahoo:BZ=F | CL=F=Yahoo:CL=F | ES=F=Yahoo:ES=F | EURUSD=X=Yahoo:EURUSD=X | GC=F=Yahoo:GC=F | HG=F=Yahoo:HG=F | HO=F=Yahoo:HO=F | JPYUSD=X=Yahoo:JPYUSD=X | NG=F=Yahoo:NG=F | RB=F=Yahoo:RB=F | SI=F=Yahoo:SI=F | SOXX=Yahoo:SOXX | TLT=Yahoo:TLT | USDJPY=X=Yahoo:USDJPY=X | ^VIX=Yahoo:^VIX | ^VIX3M=Yahoo:^VIX3M | FRED:spread=FRED_API | FRED:tips=FRED_API | FRED:vix=FRED_API | FRED:dxy=FRED_API | FRED:dgs2=FRED_API | FRED:dgs10=FRED_API | FRED:t10yie=FRED_API,Yahoo:CL=F,Yahoo:BZ=F,Yahoo:^VIX3M,EIA_API:WCESTUS1,89.74,98.55,7837.5,0.0,PERSISTENT_LEVEL,2.28,100.0,INSUFFICIENT_HISTORY,4.0,0.25,4.0,0.25,0.0,,0.342,True,False,Structural qualification confirmed by high price level plus persistence/supply confirmation.,ADAPTIVE_CROSS_ASSET_V3_2,0.0,0.0,FULL,True,True,False,True,True,0.45,0.4556,0.4556,0.7856,0.8755,0.0,0.0,0.0,0.4,0.0212,0.2974,7.14,0.62,1.0,0.2,0.0,No broad cross-asset liquidation pattern detected.,1.0,Confirmed oil event (STRUCTURAL); commodity priority raised inside existing risk budget.,0.8804,0.7365,0.3072,0.8783,0.8678,5.0,Adaptive cross-asset allocation with V3.2 risk-appetite and predictive validation.,4395.6001,6.8645,67.345,86656.4922,5.01,WARMUP,0.0,0.0,0.0,0.0,0.2,0.0,0.0,0.5,0.0,0.0,Predictive layer not yet calibrated.,,"Predictive calibration warming up: daily_rows=17, matured=0, risk_bin=0, opportunity_bin=0.",,53.403,NEUTRAL,0.9,0.0,0.2236,0.0,NONE,0.471,0.325,1.0,0.0,Neutral risk-appetite state: no structural risk-budget adjustment.,0.0,0.0,0.0,0.0,52.3772,-0.5403,0.1276,10.0,10.0,MARKET_PROXY_ENSEMBLE_V3_2,23.0,23.0,ES=F=0.0d | CL=F=0.0d | GC=F=0.0d | ^VIX=0.0d | HG=F=0.0d | SI=F=0.0d | USDJPY=X=0.0d | EURUSD=X=0.0d | SOXX=0.0d | BTC-USD=0.0d | BDRY=0.0d | ^VIX3M=0.0d | BZ=F=0.0d | HO=F=0.0d | RB=F=0.0d | NG=F=0.0d | FRED:spread=2026-09-18 | FRED:tips=2026-09-18 | FRED:vix=2026-09-21 | FRED:dxy=2026-09-18 | FRED:dgs2=2026-09-18 | FRED:dgs10=2026-09-18 | FRED:t10yie=2026-09-21,0.7,0.3,0.6506,0.6979,0.7296,0.7707
2026-09-23 00:39,-0.0171,5869067.0,,2.62,,,0.0016,,,14.21,0.0,"0.1552,0.1524,0.1544,0.1713,0.1865,0.1801",,,0.25,0.807,10.5322,6.3212,54.4407,69.0,YariIletken/Altin,-0.423,Online,False,3.0,Reel Faiz Kısıtlayıcı Rejimi,CONSTRAINT,Bear Flattener (Fed Sıkılaştırma Baskın),Teyit Edildi — Histerezis 10 gün,10.0,Persistent restrictive real-rate state active; no hard shock regime confirmed.,-0.42,1.89,-0.84,0.52,0.27,0.25,0.46,-0.99,7.1,-0.1,0.02,0.62,9.2422,12.9758,6.4879,-1.72,0.342,True,Confirmed oil event (STRUCTURAL); commodity priority raised inside existing risk budget.,100.0,LIVE,LIVE_ENGINE,,89.7,0.0,0.0,0.778,0.667,HEALTHY,,,True,57.9,86.0,0.38,1.39,0.667,68.7,8.8,90.9,0.8,0.12,0.191,0.342,STRUCTURAL,BDRY=Yahoo:BDRY | BTC-USD=Yahoo:BTC-USD | BZ=F=Yahoo:BZ=F | CL=F=Yahoo:CL=F | ES=F=Yahoo:ES=F | EURUSD=X=Yahoo:EURUSD=X | GC=F=Yahoo:GC=F | HG=F=Yahoo:HG=F | HO=F=Yahoo:HO=F | JPYUSD=X=Yahoo:JPYUSD=X | NG=F=Yahoo:NG=F | RB=F=Yahoo:RB=F | SI=F=Yahoo:SI=F | SOXX=Yahoo:SOXX | TLT=Yahoo:TLT | USDJPY=X=Yahoo:USDJPY=X | ^VIX=Yahoo:^VIX | ^VIX3M=Yahoo:^VIX3M | FRED:spread=FRED_API | FRED:tips=FRED_API | FRED:vix=FRED_API | FRED:dxy=FRED_API | FRED:dgs2=FRED_API | FRED:dgs10=FRED_API | FRED:t10yie=FRED_API,Yahoo:CL=F,Yahoo:BZ=F,Yahoo:^VIX3M,EIA_API:WCESTUS1,89.85,98.65,7827.75,0.0,PERSISTENT_LEVEL,2.04,98.4,INSUFFICIENT_HISTORY,5.0,0.2,5.0,0.2,0.0,,0.342,True,False,Structural qualification confirmed by high price level plus persistence/supply confirmation.,ADAPTIVE_CROSS_ASSET_V3_2,0.0,0.0,FULL,True,True,False,True,True,0.45,0.4556,0.4556,0.7855,0.8752,0.0081,0.0,0.0,0.4,0.02,0.3134,7.14,0.62,1.0,0.2,0.0,No broad cross-asset liquidation pattern detected.,1.0,Confirmed oil event (STRUCTURAL); commodity priority raised inside existing risk budget.,0.8743,0.7371,0.3382,0.8878,0.8635,5.0,Adaptive cross-asset allocation with V3.2 risk-appetite and predictive validation.,4396.2002,6.905,67.61,86238.5703,4.96,WARMUP,0.0,0.0,0.0,0.0,0.2,0.0,0.0,0.5,0.0,0.0,Predictive layer not yet calibrated.,,"Predictive calibration warming up: daily_rows=17, matured=0, risk_bin=0, opportunity_bin=0.",,53.6404,NEUTRAL,0.9,0.0,0.2226,0.0,NONE,0.4665,0.325,1.0,0.0,Neutral risk-appetite state: no structural risk-budget adjustment.,0.0,0.0,0.0,0.0,52.3928,-0.5369,0.1299,10.0,10.0,MARKET_PROXY_ENSEMBLE_V3_2,23.0,23.0,ES=F=1.0d | CL=F=1.0d | GC=F=1.0d | ^VIX=1.0d | HG=F=1.0d | SI=F=1.0d | USDJPY=X=1.0d | EURUSD=X=1.0d | SOXX=1.0d | BTC-USD=1.0d | BDRY=1.0d | ^VIX3M=1.0d | BZ=F=1.0d | HO=F=1.0d | RB=F=1.0d | NG=F=1.0d | FRED:spread=2026-09-18 | FRED:tips=2026-09-21 | FRED:vix=2026-09-21 | FRED:dxy=2026-09-18 | FRED:dgs2=2026-09-21 | FRED:dgs10=2026-09-21 | FRED:t10yie=2026-09-22,0.7,0.3,0.6506,0.6979,0.7296,0.7754
2026-09-23 15:06,0.0133,5869067.0,,2.62,,,0.0016,,,14.31,0.0,"0.1551,0.1528,0.1551,0.1708,0.1857,0.1806",,,0.25,0.791,10.823,6.7553,54.1937,70.0,YariIletken/Altin,-0.382,Online,False,3.0,Reel Faiz Kısıtlayıcı Rejimi,CONSTRAINT,Kısıtlayıcı Reel Faiz Baskısı,Teyit Edildi — Histerezis 10 gün,10.0,Persistent restrictive real-rate state active; no hard shock regime confirmed.,-0.38,2.16,-0.94,0.52,0.02,0.25,0.79,-0.99,7.5,-0.1,0.02,0.61,8.7206,13.005,6.5025,-1.42,0.322,True,Confirmed oil event (STRUCTURAL); commodity priority raised inside existing risk budget.,100.0001,LIVE,LIVE_ENGINE,,82.1,0.0,0.0,0.778,0.333,HEALTHY,,,True,59.9,86.6,0.44,1.46,0.667,64.3,5.57,66.3,0.8,0.12,0.096,0.322,STRUCTURAL,BDRY=Yahoo:BDRY | BTC-USD=Yahoo:BTC-USD | BZ=F=Yahoo:BZ=F | CL=F=Yahoo:CL=F | ES=F=Yahoo:ES=F | EURUSD=X=Yahoo:EURUSD=X | GC=F=Yahoo:GC=F | HG=F=Yahoo:HG=F | HO=F=Yahoo:HO=F | JPYUSD=X=Yahoo:JPYUSD=X | NG=F=Yahoo:NG=F | RB=F=Yahoo:RB=F | SI=F=Yahoo:SI=F | SOXX=Yahoo:SOXX | TLT=Yahoo:TLT | USDJPY=X=Yahoo:USDJPY=X | ^VIX=Yahoo:^VIX | ^VIX3M=Yahoo:^VIX3M | FRED:spread=FRED_API | FRED:tips=FRED_API | FRED:vix=FRED_API | FRED:dxy=FRED_API | FRED:dgs2=FRED_API | FRED:dgs10=FRED_API | FRED:t10yie=FRED_API,Yahoo:CL=F,Yahoo:BZ=F,Yahoo:^VIX3M,EIA_API:WCESTUS1,90.7,96.27,7826.0,0.0,PERSISTENT_LEVEL,2.01,98.4,INSUFFICIENT_HISTORY,5.0,0.2,5.0,0.2,0.0,,0.322,True,False,Structural qualification confirmed by high price level plus persistence/supply confirmation.,ADAPTIVE_CROSS_ASSET_V3_2,0.0,0.0,FULL,True,True,False,False,True,0.45,0.4581,0.4581,0.7898,0.8186,0.0098,0.0,0.0,0.4,0.0096,0.3163,7.54,0.61,1.0,0.2,0.0,No broad cross-asset liquidation pattern detected.,1.0,Confirmed oil event (STRUCTURAL); commodity priority raised inside existing risk budget.,0.8258,0.599,0.3309,0.7989,0.831,5.0,Adaptive cross-asset allocation with V3.2 risk-appetite and predictive validation.,4345.5,6.7975,65.575,85448.5625,4.96,WARMUP,0.0,0.0,0.0,0.0,0.2,0.0,0.0,0.5,0.0,0.0,Predictive layer not yet calibrated.,,"Predictive calibration warming up: daily_rows=17, matured=0, risk_bin=0, opportunity_bin=0.",,51.1118,NEUTRAL,0.9,0.0,0.1769,0.0,NONE,0.462,0.325,1.0,0.0,Neutral risk-appetite state: no structural risk-budget adjustment.,0.0,0.0,0.0,0.0,52.5571,-0.5069,0.1479,10.0,10.0,MARKET_PROXY_ENSEMBLE_V3_2,23.0,23.0,ES=F=0.0d | CL=F=0.0d | GC=F=0.0d | ^VIX=0.0d | HG=F=0.0d | SI=F=0.0d | USDJPY=X=0.0d | EURUSD=X=0.0d | SOXX=0.0d | BTC-USD=0.0d | BDRY=0.0d | ^VIX3M=0.0d | BZ=F=0.0d | HO=F=0.0d | RB=F=0.0d | NG=F=0.0d | FRED:spread=2026-09-21 | FRED:tips=2026-09-21 | FRED:vix=2026-09-21 | FRED:dxy=2026-09-18 | FRED:dgs2=2026-09-21 | FRED:dgs10=2026-09-21 | FRED:t10yie=2026-09-22,0.7,0.3,0.6496,0.72,0.7292,0.6613
2026-09-23 21:37,0.0185,5869059.0,,2.62,,,0.0016,,,14.94,0.0,"0.1554,0.1543,0.1556,0.1669,0.1871,0.1807",,,0.25,0.83,10.4071,6.7622,54.9781,70.0,YariIletken/Altin,-0.275,Online,False,3.0,Reel Faiz Kısıtlayıcı Rejimi,CONSTRAINT,Kısıtlayıcı Reel Faiz Baskısı,Teyit Edildi — Histerezis 10 gün,10.0,Persistent restrictive real-rate state active; no hard shock regime confirmed.,-0.29,2.05,-0.83,0.51,0.02,0.25,1.35,-1.16,0.8,-0.1,0.02,0.61,8.6103,12.8281,6.4141,-1.25,0.417,True,Confirmed oil event (STRUCTURAL); commodity priority raised inside existing risk budget.,99.9999,LIVE,LIVE_ENGINE,,75.8,0.0,0.0,0.778,0.333,HEALTHY,,,True,64.7,88.2,0.53,1.56,0.667,67.5,5.92,74.2,1.0,0.14,0.0,0.417,STRUCTURAL,BDRY=Yahoo:BDRY | BTC-USD=Yahoo:BTC-USD | BZ=F=Yahoo:BZ=F | CL=F=Yahoo:CL=F | ES=F=Yahoo:ES=F | EURUSD=X=Yahoo:EURUSD=X | GC=F=Yahoo:GC=F | HG=F=Yahoo:HG=F | HO=F=Yahoo:HO=F | JPYUSD=X=Yahoo:JPYUSD=X | NG=F=Yahoo:NG=F | RB=F=Yahoo:RB=F | SI=F=Yahoo:SI=F | SOXX=Yahoo:SOXX | TLT=Yahoo:TLT | USDJPY=X=Yahoo:USDJPY=X | ^VIX=Yahoo:^VIX | ^VIX3M=Yahoo:^VIX3M | FRED:spread=FRED_API | FRED:tips=FRED_API | FRED:vix=FRED_API | FRED:dxy=FRED_API | FRED:dgs2=FRED_API | FRED:dgs10=FRED_API | FRED:t10yie=FRED_API,Yahoo:CL=F,Yahoo:BZ=F,Yahoo:^VIX3M,EIA_API:WCESTUS1,91.99,97.91,7779.0,0.0,PERSISTENT_LEVEL,2.01,98.4,INSUFFICIENT_HISTORY,6.0,0.1666666666666666,6.0,0.1666666666666666,0.0,,0.417,True,False,Structural qualification confirmed by high price level plus persistence/supply confirmation.,ADAPTIVE_CROSS_ASSET_V3_2,0.0,0.0,FULL,True,True,False,False,True,0.45,0.4502,0.4502,0.7762,0.7962,0.0108,0.0,0.0,0.4,0.0036,0.3179,0.79,0.61,1.0,0.2,0.0,No broad cross-asset liquidation pattern detected.,1.0,Confirmed oil event (STRUCTURAL); commodity priority raised inside existing risk budget.,0.7836,0.5846,0.3309,0.7996,0.8054,5.0,Adaptive cross-asset allocation with V3.2 risk-appetite and predictive validation.,4322.7998,6.752,65.015,84138.1406,4.96,WARMUP,0.0,0.0,0.0,0.0,0.2,0.0,0.0,0.5,0.0,0.0,Predictive layer not yet calibrated.,,"Predictive calibration warming up: daily_rows=17, matured=0, risk_bin=0, opportunity_bin=0.",,50.7864,NEUTRAL,0.9,0.0,0.1783,0.0,NONE,0.439,0.1625,1.0,0.0,Neutral risk-appetite state: no structural risk-budget adjustment.,0.0,0.0,0.0,0.0,52.5322,-0.512,0.1447,10.0,10.0,MARKET_PROXY_ENSEMBLE_V3_2,23.0,23.0,ES=F=0.0d | CL=F=0.0d | GC=F=0.0d | ^VIX=0.0d | HG=F=0.0d | SI=F=0.0d | USDJPY=X=0.0d | EURUSD=X=0.0d | SOXX=0.0d | BTC-USD=0.0d | BDRY=0.0d | ^VIX3M=0.0d | BZ=F=0.0d | HO=F=0.0d | RB=F=0.0d | NG=F=0.0d | FRED:spread=2026-09-22 | FRED:tips=2026-09-21 | FRED:vix=2026-09-22 | FRED:dxy=2026-09-18 | FRED:dgs2=2026-09-21 | FRED:dgs10=2026-09-21 | FRED:t10yie=2026-09-22,0.6,0.4,0.6495,0.6973,0.7629,0.6149
2026-09-24 00:46,0.0209,5869059.0,,2.63,,,0.0016,,,15.18,0.0,"0.1555,0.1546,0.1556,0.1665,0.1873,0.1805",,,0.26,0.838,10.3873,6.788,54.7816,70.0,YariIletken/Altin,-0.213,Online,False,3.0,Reel Faiz Kısıtlayıcı Rejimi,CONSTRAINT,Bear Flattener (Fed Sıkılaştırma Baskın),Teyit Edildi — Histerezis 9 gün,9.0,"No named regime currently satisfies its full confirmation rules. Live snapshot: Oil20D Z=-0.24, VIX Z=-1.16, HY OAS Z=-0.83, NDL Z=0.61, TIPS=2.63%.",-0.24,2.09,-0.83,0.51,0.02,0.25,1.27,-1.16,0.8,-0.1,0.31,0.61,8.6426,12.9337,6.4668,-1.16,0.423,True,Confirmed oil event (STRUCTURAL); commodity priority raised inside existing risk budget.,100.0,LIVE,LIVE_ENGINE,,71.0,0.0,0.0,0.778,0.333,HEALTHY,,,True,66.3,88.8,0.58,1.61,0.667,67.9,5.65,69.0,1.0,0.14,0.0,0.423,STRUCTURAL,BDRY=Yahoo:BDRY | BTC-USD=Yahoo:BTC-USD | BZ=F=Yahoo:BZ=F | CL=F=Yahoo:CL=F | ES=F=Yahoo:ES=F | EURUSD=X=Yahoo:EURUSD=X | GC=F=Yahoo:GC=F | HG=F=Yahoo:HG=F | HO=F=Yahoo:HO=F | JPYUSD=X=Yahoo:JPYUSD=X | NG=F=Yahoo:NG=F | RB=F=Yahoo:RB=F | SI=F=Yahoo:SI=F | SOXX=Yahoo:SOXX | TLT=Yahoo:TLT | USDJPY=X=Yahoo:USDJPY=X | ^VIX=Yahoo:^VIX | ^VIX3M=Yahoo:^VIX3M | FRED:spread=FRED_API | FRED:tips=FRED_API | FRED:vix=FRED_API | FRED:dxy=FRED_API | FRED:dgs2=FRED_API | FRED:dgs10=FRED_API | FRED:t10yie=FRED_API,Yahoo:CL=F,Yahoo:BZ=F,Yahoo:^VIX3M,EIA_API:WCESTUS1,92.71,98.36,7772.75,0.0,PERSISTENT_LEVEL,2.05,98.4,INSUFFICIENT_HISTORY,7.0,0.2857142857142857,7.0,0.2857142857142857,0.0,,0.423,True,False,Structural qualification confirmed by high price level plus persistence/supply confirmation.,ADAPTIVE_CROSS_ASSET_V3_2,0.0,0.0,FULL,True,True,False,False,True,0.45,0.4522,0.4522,0.7796,0.8039,0.0101,0.0,0.0,0.4,0.0028,0.3169,0.79,0.61,1.0,0.2,0.0,No broad cross-asset liquidation pattern detected.,1.0,Confirmed oil event (STRUCTURAL); commodity priority raised inside existing risk budget.,0.7776,0.5845,0.3309,0.8212,0.8128,5.0,Adaptive cross-asset allocation with V3.2 risk-appetite and predictive validation.,4322.7002,6.7915,64.93,84490.1719,4.96,WARMUP,0.0,0.0,0.0,0.0,0.2,0.0,0.0,0.5,0.0,0.0,Predictive layer not yet calibrated.,,"Predictive calibration warming up: daily_rows=17, matured=0, risk_bin=0, opportunity_bin=0.",,50.8004,NEUTRAL,0.9,0.0,0.1783,0.0,NONE,0.4399,0.1625,1.0,0.0,Neutral risk-appetite state: no structural risk-budget adjustment.,0.0,0.0,0.0,0.0,52.5322,-0.5121,0.1447,10.0,10.0,MARKET_PROXY_ENSEMBLE_V3_2,23.0,23.0,ES=F=1.0d | CL=F=1.0d | GC=F=1.0d | ^VIX=1.0d | HG=F=1.0d | SI=F=1.0d | USDJPY=X=1.0d | EURUSD=X=1.0d | SOXX=1.0d | BTC-USD=1.0d | BDRY=1.0d | ^VIX3M=1.0d | BZ=F=1.0d | HO=F=1.0d | RB=F=1.0d | NG=F=1.0d | FRED:spread=2026-09-22 | FRED:tips=2026-09-22 | FRED:vix=2026-09-22 | FRED:dxy=2026-09-18 | FRED:dgs2=2026-09-22 | FRED:dgs10=2026-09-22 | FRED:t10yie=2026-09-23,0.7,0.3,0.6495,0.6973,0.7629,0.6152
2026-09-24 15:10,0.0546,5869059.0,,2.63,,,0.0016,,,16.17,0.0,"0.1552,0.1561,0.1568,0.1629,0.1880,0.1810",,,0.26,0.893,10.1784,6.7583,55.1059,70.0,YariIletken/Altin,-0.154,Online,False,3.0,Reel Faiz Kısıtlayıcı Rejimi,CONSTRAINT,Bear Flattener (Fed Sıkılaştırma Baskın),Teyit Edildi — Histerezis 8 gün,8.0,"No named regime currently satisfies its full confirmation rules. Live snapshot: Oil20D Z=-0.19, VIX Z=-1.16, HY OAS Z=-0.83, NDL Z=0.61, TIPS=2.63%.",-0.19,2.07,-0.83,0.5,0.01,0.26,2.0,-1.16,1.2,-0.1,0.31,0.61,8.554,12.9356,6.4678,-1.03,0.505,True,Confirmed oil event (STRUCTURAL); commodity priority raised inside existing risk budget.,100.0,LIVE,LIVE_ENGINE,,62.3,0.0,0.0,0.778,0.333,HEALTHY,,,True,67.9,89.3,0.64,1.68,0.667,82.9,11.23,94.4,1.0,0.14,0.0,0.505,STRUCTURAL,BDRY=Yahoo:BDRY | BTC-USD=Yahoo:BTC-USD | BZ=F=Yahoo:BZ=F | CL=F=Yahoo:CL=F | ES=F=Yahoo:ES=F | EURUSD=X=Yahoo:EURUSD=X | GC=F=Yahoo:GC=F | HG=F=Yahoo:HG=F | HO=F=Yahoo:HO=F | JPYUSD=X=Yahoo:JPYUSD=X | NG=F=Yahoo:NG=F | RB=F=Yahoo:RB=F | SI=F=Yahoo:SI=F | SOXX=Yahoo:SOXX | TLT=Yahoo:TLT | USDJPY=X=Yahoo:USDJPY=X | ^VIX=Yahoo:^VIX | ^VIX3M=Yahoo:^VIX3M | FRED:spread=FRED_API | FRED:tips=FRED_API | FRED:vix=FRED_API | FRED:dxy=FRED_API | FRED:dgs2=FRED_API | FRED:dgs10=FRED_API | FRED:t10yie=FRED_API,Yahoo:CL=F,Yahoo:BZ=F,Yahoo:^VIX3M,EIA_API:WCESTUS1,93.59,104.82,7728.75,0.0,PERSISTENT_LEVEL,2.03,98.4,INSUFFICIENT_HISTORY,8.0,0.375,8.0,0.375,0.0,,0.505,True,False,Structural qualification confirmed by high price level plus persistence/supply confirmation.,ADAPTIVE_CROSS_ASSET_V3_2,0.0,0.0,FULL,True,True,False,True,True,0.45,0.4489,0.4489,0.774,0.8123,0.0093,0.0,0.0,0.4,0.0013,0.3156,1.19,0.61,1.0,0.2,0.0,No broad cross-asset liquidation pattern detected.,1.0,Confirmed oil event (STRUCTURAL); commodity priority raised inside existing risk budget.,0.7613,0.5787,0.3313,0.8579,0.8177,5.0,Adaptive cross-asset allocation with V3.2 risk-appetite and predictive validation.,4298.2002,6.77,63.92,83542.7109,4.96,WARMUP,0.0,0.0,0.0,0.0,0.2,0.0,0.0,0.5,0.0,0.0,Predictive layer not yet calibrated.,,"Predictive calibration warming up: daily_rows=17, matured=0, risk_bin=0, opportunity_bin=0.",,53.3597,NEUTRAL,0.9,0.0,0.153,0.0,NONE,0.4398,0.1625,1.0,0.0,Neutral risk-appetite state: no structural risk-budget adjustment.,0.0,0.0,0.0,0.0,52.7967,-0.4201,0.2007,10.0,10.0,MARKET_PROXY_ENSEMBLE_V3_2,23.0,23.0,ES=F=0.0d | CL=F=0.0d | GC=F=0.0d | ^VIX=0.0d | HG=F=0.0d | SI=F=0.0d | USDJPY=X=0.0d | EURUSD=X=0.0d | SOXX=0.0d | BTC-USD=0.0d | BDRY=0.0d | ^VIX3M=0.0d | BZ=F=0.0d | HO=F=0.0d | RB=F=0.0d | NG=F=0.0d | FRED:spread=2026-09-22 | FRED:tips=2026-09-22 | FRED:vix=2026-09-22 | FRED:dxy=2026-09-18 | FRED:dgs2=2026-09-22 | FRED:dgs10=2026-09-22 | FRED:t10yie=2026-09-23,0.7,0.3,0.6487,0.6967,0.7619,0.5821
2026-09-24 21:39,0.0386,5868890.0,,2.63,,,0.0016,,,15.63,0.0,"0.1549,0.1549,0.1567,0.1663,0.1863,0.1809",,,0.26,0.851,10.3761,6.6397,55.1027,70.0,YariIletken/Altin,-0.067,Online,False,3.0,Reel Faiz Kısıtlayıcı Rejimi,CONSTRAINT,Bear Flattener (Fed Sıkılaştırma Baskın),Teyit Edildi — Histerezis 8 gün,8.0,"No named regime currently satisfies its full confirmation rules. Live snapshot: Oil20D Z=-0.12, VIX Z=-1.16, HY OAS Z=-0.56, NDL Z=0.61, TIPS=2.63%.",-0.12,2.05,-0.56,0.51,0.01,0.26,1.94,-1.16,1.2,-0.1,0.31,0.61,8.4763,12.9368,6.4684,-0.89,0.521,True,Confirmed oil event (STRUCTURAL); commodity priority raised inside existing risk budget.,100.0,LIVE,LIVE_ENGINE,,55.2,0.0,0.0,0.778,0.333,HEALTHY,,,True,71.4,90.5,0.72,1.76,0.667,86.5,11.93,96.0,0.8,0.14,0.0,0.521,STRUCTURAL,BDRY=Yahoo:BDRY | BTC-USD=Yahoo:BTC-USD | BZ=F=Yahoo:BZ=F | CL=F=Yahoo:CL=F | ES=F=Yahoo:ES=F | EURUSD=X=Yahoo:EURUSD=X | GC=F=Yahoo:GC=F | HG=F=Yahoo:HG=F | HO=F=Yahoo:HO=F | JPYUSD=X=Yahoo:JPYUSD=X | NG=F=Yahoo:NG=F | RB=F=Yahoo:RB=F | SI=F=Yahoo:SI=F | SOXX=Yahoo:SOXX | TLT=Yahoo:TLT | USDJPY=X=Yahoo:USDJPY=X | ^VIX=Yahoo:^VIX | ^VIX3M=Yahoo:^VIX3M | FRED:spread=FRED_API | FRED:tips=FRED_API | FRED:vix=FRED_API | FRED:dxy=FRED_API | FRED:dgs2=FRED_API | FRED:dgs10=FRED_API | FRED:t10yie=FRED_API,Yahoo:CL=F,Yahoo:BZ=F,Yahoo:^VIX3M,EIA_API:WCESTUS1,94.69,106.62,7770.5,0.0,PERSISTENT_LEVEL,2.03,98.4,INSUFFICIENT_HISTORY,9.0,0.4444444444444444,9.0,0.4444444444444444,0.0,,0.521,True,False,Structural qualification confirmed by high price level plus persistence/supply confirmation.,ADAPTIVE_CROSS_ASSET_V3_2,0.0,0.0,FULL,True,True,False,True,True,0.45,0.449,0.449,0.7741,0.8366,0.0073,0.0,0.0,0.4,0.0067,0.3121,1.19,0.61,1.0,0.2,0.0,No broad cross-asset liquidation pattern detected.,1.0,Confirmed oil event (STRUCTURAL); commodity priority raised inside existing risk budget.,0.8001,0.5877,0.3313,0.8767,0.8331,5.0,Adaptive cross-asset allocation with V3.2 risk-appetite and predictive validation.,4310.5,6.7825,64.28,84420.7734,4.96,WARMUP,0.0,0.0,0.0,0.0,0.2,0.0,0.0,0.5,0.0,0.0,Predictive layer not yet calibrated.,,"Predictive calibration warming up: daily_rows=17, matured=0, risk_bin=0, opportunity_bin=0.",,53.5611,NEUTRAL,0.9,0.0,0.1533,0.0,NONE,0.4521,0.1625,1.0,0.0,Neutral risk-appetite state: no structural risk-budget adjustment.,0.0,0.0,0.0,0.0,52.791,-0.4211,0.2003,10.0,10.0,MARKET_PROXY_ENSEMBLE_V3_2,23.0,23.0,ES=F=0.0d | CL=F=0.0d | GC=F=0.0d | ^VIX=0.0d | HG=F=0.0d | SI=F=0.0d | USDJPY=X=0.0d | EURUSD=X=0.0d | SOXX=0.0d | BTC-USD=0.0d | BDRY=0.0d | ^VIX3M=0.0d | BZ=F=0.0d | HO=F=0.0d | RB=F=0.0d | NG=F=0.0d | FRED:spread=2026-09-23 | FRED:tips=2026-09-22 | FRED:vix=2026-09-22 | FRED:dxy=2026-09-18 | FRED:dgs2=2026-09-22 | FRED:dgs10=2026-09-22 | FRED:t10yie=2026-09-23,0.8,0.2,0.6482,0.6356,0.7619,0.6217
2026-09-25 00:47,-0.0582,5769990.0,,2.76,,,0.0016,,,15.67,0.0,"0.1542,0.1564,0.1571,0.1659,0.1869,0.1796",,,0.31,0.85,10.2829,6.3977,55.6111,69.0,YariIletken/Altin,-0.062,Online,False,3.0,Reel Faiz Kısıtlayıcı Rejimi,CONSTRAINT,Bear Steepener (Fed Varyantı),Teyit Edildi — Histerezis 10 gün,10.0,Persistent restrictive real-rate state active; no hard shock regime confirmed.,-0.11,1.96,-0.56,0.53,0.01,0.26,1.9,-1.16,1.2,-0.12,0.02,-0.58,8.4763,12.8213,6.4107,-0.88,0.572,True,Confirmed oil event (STRUCTURAL); commodity priority raised inside existing risk budget.,100.0,LIVE,LIVE_ENGINE,,53.2,0.0,0.0,0.778,0.333,HEALTHY,,,True,71.4,90.5,0.72,1.77,0.667,86.5,12.27,96.4,1.0,0.14,0.0,0.572,STRUCTURAL,BDRY=Yahoo:BDRY | BTC-USD=Yahoo:BTC-USD | BZ=F=Yahoo:BZ=F | CL=F=Yahoo:CL=F | ES=F=Yahoo:ES=F | EURUSD=X=Yahoo:EURUSD=X | GC=F=Yahoo:GC=F | HG=F=Yahoo:HG=F | HO=F=Yahoo:HO=F | JPYUSD=X=Yahoo:JPYUSD=X | NG=F=Yahoo:NG=F | RB=F=Yahoo:RB=F | SI=F=Yahoo:SI=F | SOXX=Yahoo:SOXX | TLT=Yahoo:TLT | USDJPY=X=Yahoo:USDJPY=X | ^VIX=Yahoo:^VIX | ^VIX3M=Yahoo:^VIX3M | FRED:spread=FRED_API | FRED:tips=FRED_API | FRED:vix=FRED_API | FRED:dxy=FRED_API | FRED:dgs2=FRED_API | FRED:dgs10=FRED_API | FRED:t10yie=FRED_API,Yahoo:CL=F,Yahoo:BZ=F,Yahoo:^VIX3M,EIA_API:WCESTUS1,94.76,107.03,7759.5,0.0,PERSISTENT_LEVEL,2.54,100.0,TRACKING,10.0,0.5,10.0,0.5,0.0,,0.572,True,False,Structural qualification confirmed by high price level plus persistence/supply confirmation.,ADAPTIVE_CROSS_ASSET_V3_2,0.0,0.0,FULL,True,True,False,True,True,0.45,0.4439,0.4439,0.7653,0.8336,0.0615,0.0,0.0,0.4,0.0053,0.3383,1.19,-0.58,0.0,0.2,0.0,No broad cross-asset liquidation pattern detected.,1.0,Confirmed oil event (STRUCTURAL); commodity priority raised inside existing risk budget.,0.7903,0.5874,0.292,0.8772,0.8333,5.0,Adaptive cross-asset allocation with V3.2 risk-appetite and predictive validation.,4310.1001,6.7735,64.275,84432.4922,5.11,WARMUP,0.0,0.0,0.0,0.0,0.2,0.0,0.0,0.5,0.0,0.0,Predictive layer not yet calibrated.,,"Predictive calibration warming up: daily_rows=17, matured=0, risk_bin=0, opportunity_bin=0.",,50.2339,NEUTRAL,0.9,0.0,0.1671,0.0,NONE,0.507,0.1625,1.0,0.0,Neutral risk-appetite state: no structural risk-budget adjustment.,0.0,0.0,0.0,0.0,52.5644,-0.4711,0.1678,10.0,10.0,MARKET_PROXY_ENSEMBLE_V3_2,23.0,23.0,ES=F=1.0d | CL=F=1.0d | GC=F=1.0d | ^VIX=1.0d | HG=F=1.0d | SI=F=1.0d | USDJPY=X=1.0d | EURUSD=X=1.0d | SOXX=1.0d | BTC-USD=1.0d | BDRY=1.0d | ^VIX3M=1.0d | BZ=F=1.0d | HO=F=1.0d | RB=F=1.0d | NG=F=1.0d | FRED:spread=2026-09-23 | FRED:tips=2026-09-23 | FRED:vix=2026-09-22 | FRED:dxy=2026-09-18 | FRED:dgs2=2026-09-23 | FRED:dgs10=2026-09-23 | FRED:t10yie=2026-09-24,0.6,0.4,0.359,0.6356,0.7619,0.6123
2026-09-25 15:11,-0.0735,5769990.0,,2.76,,,0.0016,,,15.05,0.0,"0.1544,0.1546,0.1570,0.1677,0.1861,0.1801",,,0.31,0.817,10.8922,6.4956,54.083,69.0,YariIletken/Altin,-0.249,Online,False,3.0,Reel Faiz Kısıtlayıcı Rejimi,CONSTRAINT,Bear Steepener (Fed Varyantı),Teyit Edildi — Histerezis 10 gün,10.0,Persistent restrictive real-rate state active; no hard shock regime confirmed.,-0.27,1.94,-0.56,0.54,0.01,0.26,-0.93,-1.16,1.6,-0.11,0.02,-0.58,8.7807,13.1657,6.5829,-1.17,0.382,True,Confirmed oil event (STRUCTURAL); commodity priority raised inside existing risk budget.,100.0001,LIVE,LIVE_ENGINE,,71.8,0.0,0.0,0.778,0.333,HEALTHY,,,True,65.9,88.6,0.55,1.59,0.683,67.1,5.91,73.4,0.8,0.14,0.0,0.382,STRUCTURAL,BDRY=Yahoo:BDRY | BTC-USD=Yahoo:BTC-USD | BZ=F=Yahoo:BZ=F | CL=F=Yahoo:CL=F | ES=F=Yahoo:ES=F | EURUSD=X=Yahoo:EURUSD=X | GC=F=Yahoo:GC=F | HG=F=Yahoo:HG=F | HO=F=Yahoo:HO=F | JPYUSD=X=Yahoo:JPYUSD=X | NG=F=Yahoo:NG=F | RB=F=Yahoo:RB=F | SI=F=Yahoo:SI=F | SOXX=Yahoo:SOXX | TLT=Yahoo:TLT | USDJPY=X=Yahoo:USDJPY=X | ^VIX=Yahoo:^VIX | ^VIX3M=Yahoo:^VIX3M | FRED:spread=FRED_API | FRED:tips=FRED_API | FRED:vix=FRED_API | FRED:dxy=FRED_API | FRED:dgs2=FRED_API | FRED:dgs10=FRED_API | FRED:t10yie=FRED_API,Yahoo:CL=F,Yahoo:BZ=F,Yahoo:^VIX3M,EIA_API:WCESTUS1,92.49,98.4,7795.0,0.0,PERSISTENT_LEVEL,2.5,100.0,TRACKING,11.0,0.5454545454545454,11.0,0.5454545454545454,0.0,,0.382,True,False,Structural qualification confirmed by high price level plus persistence/supply confirmation.,ADAPTIVE_CROSS_ASSET_V3_2,0.0,0.0,FULL,True,True,False,False,True,0.45,0.4592,0.4592,0.7917,0.8426,0.0605,0.0,0.0,0.4,0.0099,0.3369,1.59,-0.58,0.0,0.2,0.0,No broad cross-asset liquidation pattern detected.,1.0,Confirmed oil event (STRUCTURAL); commodity priority raised inside existing risk budget.,0.8324,0.6061,0.2896,0.8555,0.8399,5.0,Adaptive cross-asset allocation with V3.2 risk-appetite and predictive validation.,4340.0,6.771,65.215,84585.2812,5.11,WARMUP,0.0,0.0,0.0,0.0,0.2,0.0,0.0,0.5,0.0,0.0,Predictive layer not yet calibrated.,,"Predictive calibration warming up: daily_rows=17, matured=0, risk_bin=0, opportunity_bin=0.",,50.1936,NEUTRAL,0.9,0.0,0.15,0.0,NONE,0.5065,0.1625,1.0,0.0,Neutral risk-appetite state: no structural risk-budget adjustment.,0.0,0.0,0.0,0.0,52.713,-0.4089,0.2194,10.0,10.0,MARKET_PROXY_ENSEMBLE_V3_2,23.0,23.0,ES=F=0.0d | CL=F=0.0d | GC=F=0.0d | ^VIX=0.0d | HG=F=0.0d | SI=F=0.0d | USDJPY=X=0.0d | EURUSD=X=0.0d | SOXX=0.0d | BTC-USD=0.0d | BDRY=0.0d | ^VIX3M=0.0d | BZ=F=0.0d | HO=F=0.0d | RB=F=0.0d | NG=F=0.0d | FRED:spread=2026-09-23 | FRED:tips=2026-09-23 | FRED:vix=2026-09-22 | FRED:dxy=2026-09-18 | FRED:dgs2=2026-09-23 | FRED:dgs10=2026-09-23 | FRED:t10yie=2026-09-24,0.7,0.3,0.3594,0.6357,0.7612,0.6468
2026-09-25 21:51,-0.083,5770044.0,,2.76,,,0.0016,,,15.0,0.0,"0.1544,0.1542,0.1569,0.1679,0.1865,0.1801",,,0.31,0.835,10.9876,6.5275,54.0335,69.0,YariIletken/Altin,-0.271,Online,False,3.0,Reel Faiz Kısıtlayıcı Rejimi,CONSTRAINT,Bear Steepener (Fed Varyantı),Teyit Edildi — Histerezis 10 gün,10.0,Persistent restrictive real-rate state active; no hard shock regime confirmed.,-0.29,1.69,-0.17,0.54,0.01,0.26,-1.64,-1.16,1.6,-0.11,0.02,-0.58,8.7149,13.1577,6.5788,-1.21,0.323,True,Confirmed oil event (STRUCTURAL); commodity priority raised inside existing risk budget.,100.0,LIVE,LIVE_ENGINE,,73.4,0.0,0.0,0.778,0.333,HEALTHY,,,True,65.5,88.5,0.53,1.56,0.683,66.3,5.07,52.0,0.6,0.14,0.0,0.323,STRUCTURAL,BDRY=Yahoo:BDRY | BTC-USD=Yahoo:BTC-USD | BZ=F=Yahoo:BZ=F | CL=F=Yahoo:CL=F | ES=F=Yahoo:ES=F | EURUSD=X=Yahoo:EURUSD=X | GC=F=Yahoo:GC=F | HG=F=Yahoo:HG=F | HO=F=Yahoo:HO=F | JPYUSD=X=Yahoo:JPYUSD=X | NG=F=Yahoo:NG=F | RB=F=Yahoo:RB=F | SI=F=Yahoo:SI=F | SOXX=Yahoo:SOXX | TLT=Yahoo:TLT | USDJPY=X=Yahoo:USDJPY=X | ^VIX=Yahoo:^VIX | ^VIX3M=Yahoo:^VIX3M | FRED:spread=FRED_API | FRED:tips=FRED_API | FRED:vix=FRED_API | FRED:dxy=FRED_API | FRED:dgs2=FRED_API | FRED:dgs10=FRED_API | FRED:t10yie=FRED_API,Yahoo:CL=F,Yahoo:BZ=F,Yahoo:^VIX3M,EIA_API:WCESTUS1,92.21,97.28,7800.5,0.0,PERSISTENT_LEVEL,2.5,100.0,TRACKING,12.0,0.5,12.0,0.5,0.0,,0.323,True,False,Structural qualification confirmed by high price level plus persistence/supply confirmation.,ADAPTIVE_CROSS_ASSET_V3_2,0.0,0.0,FULL,True,True,False,False,True,0.45,0.4597,0.4597,0.7925,0.836,0.0605,0.0,0.0,0.4,0.0106,0.3369,1.59,-0.58,0.0,0.2,0.0,No broad cross-asset liquidation pattern detected.,1.0,Confirmed oil event (STRUCTURAL); commodity priority raised inside existing risk budget.,0.8364,0.5931,0.2896,0.8423,0.8293,5.0,Adaptive cross-asset allocation with V3.2 risk-appetite and predictive validation.,4325.3999,6.778,64.875,83920.8984,5.11,WARMUP,0.0,0.0,0.0,0.0,0.2,0.0,0.0,0.5,0.0,0.0,Predictive layer not yet calibrated.,,"Predictive calibration warming up: daily_rows=17, matured=0, risk_bin=0, opportunity_bin=0.",,48.6578,NEUTRAL,0.9,0.0,0.1553,0.0,NONE,0.5251,0.1625,1.0,0.0,Neutral risk-appetite state: no structural risk-budget adjustment.,0.0,0.0,0.0,0.0,52.6241,-0.4285,0.2069,10.0,10.0,MARKET_PROXY_ENSEMBLE_V3_2,23.0,23.0,ES=F=0.0d | CL=F=0.0d | GC=F=0.0d | ^VIX=0.0d | HG=F=0.0d | SI=F=0.0d | USDJPY=X=0.0d | EURUSD=X=0.0d | SOXX=0.0d | BTC-USD=0.0d | BDRY=0.0d | ^VIX3M=0.0d | BZ=F=0.0d | HO=F=0.0d | RB=F=0.0d | NG=F=0.0d | FRED:spread=2026-09-24 | FRED:tips=2026-09-23 | FRED:vix=2026-09-22 | FRED:dxy=2026-09-18 | FRED:dgs2=2026-09-23 | FRED:dgs10=2026-09-23 | FRED:t10yie=2026-09-24,0.7,0.3,0.3595,0.5425,0.7612,0.6458
2026-09-26 14:45,0.0,0.0,,0.0,,,0.0,,,0.0,0.0,,,,0.0,,10.9876,6.5275,54.0335,0.0,,0.0,Degraded,False,3.0,Reel Faiz Kısıtlayıcı Rejimi,CONSTRAINT,Bear Steepener (Fed Varyantı),Teyit Edildi — Histerezis 10 gün,10.0,Persistent restrictive real-rate state active; no hard shock regime confirmed.,0.0,0.0,0.0,0.0,0.0,0.0,0.0,0.0,50.0,0.0,0.0,0.0,8.7149,13.1577,6.5788,0.0,0.0,False,No confirmed oil event; commodity event overlay must remain disabled.,100.0,HOLD_LAST_VALID,LAST_VALID,2026-09-25 21:51,0.0,0.0,0.0,0.5,0.0,HALT,stale FRED series: dxy,,False,0.0,0.0,0.0,0.0,0.0,0.0,0.0,0.0,0.0,0.0,0.0,0.323,PRESSURE_ONLY,BDRY=Yahoo:BDRY | BTC-USD=Yahoo:BTC-USD | BZ=F=Yahoo:BZ=F | CL=F=Yahoo:CL=F | ES=F=Yahoo:ES=F | EURUSD=X=Yahoo:EURUSD=X | GC=F=Yahoo:GC=F | HG=F=Yahoo:HG=F | HO=F=Yahoo:HO=F | JPYUSD=X=Yahoo:JPYUSD=X | NG=F=Yahoo:NG=F | RB=F=Yahoo:RB=F | SI=F=Yahoo:SI=F | SOXX=Yahoo:SOXX | TLT=Yahoo:TLT | USDJPY=X=Yahoo:USDJPY=X | ^VIX=Yahoo:^VIX | ^VIX3M=Yahoo:^VIX3M | FRED:spread=FRED_API | FRED:tips=FRED_API | FRED:vix=FRED_API | FRED:dxy=FRED_API | FRED:dgs2=FRED_API | FRED:dgs10=FRED_API | FRED:t10yie=FRED_API,unavailable,unavailable,unavailable,unavailable,,,,0.0,PERSISTENT_LEVEL,0.0,50.0,INSUFFICIENT_HISTORY,0.0,,0.0,,0.0,,0.323,False,False,Structural pressure below the confirmed-event qualification zone.,STATIC_REGIME,0.0,0.0,FULL,False,False,False,False,False,0.0,0.0,0.0,1.0,0.0,0.0,0.0,0.0,0.0,0.0,0.0,50.0,0.0,1.0,0.0,0.0,,0.0,,0.0,0.0,0.0,0.0,0.0,0.0,,,,,,,WARMUP,0.0,0.0,0.0,0.0,0.2,0.0,0.0,0.5,0.0,0.0,Predictive layer not yet calibrated.,,"Predictive calibration warming up: daily_rows=17, matured=0, risk_bin=0, opportunity_bin=0.",Critical data failure: last trusted state retained; no new allocation created.,50.0,NEUTRAL,0.0,0.0,0.0,0.0,NONE,0.5,0.0,1.0,0.0,,0.0,0.0,0.0,0.0,50.0,0.0,0.0,0.0,10.0,UNAVAILABLE,22.0,23.0,ES=F=0.0d | CL=F=0.0d | GC=F=0.0d | ^VIX=0.0d | HG=F=0.0d | SI=F=0.0d | USDJPY=X=0.0d | EURUSD=X=0.0d | SOXX=0.0d | BTC-USD=0.0d | BDRY=0.0d | ^VIX3M=0.0d | BZ=F=0.0d | HO=F=0.0d | RB=F=0.0d | NG=F=0.0d | FRED:spread=2026-09-24 | FRED:tips=2026-09-24 | FRED:vix=2026-09-22 | FRED:dxy=2026-09-18 | FRED:dgs2=2026-09-24 | FRED:dgs10=2026-09-24 | FRED:t10yie=2026-09-25,,,,,,
